filepath,processed_filepath,label,class_index,predicted_label,confidence
../dataset/Forect Fire/Forest Fire_Dataset/test/fire/fire_test_1001.jpg,data/processed/test/fire/fire_test_1001.jpg,fire,0,fire,0.8866811
../dataset/Forect Fire/Forest Fire_Dataset/test/fire/fire_test_1002.jpg,data/processed/test/fire/fire_test_1002.jpg,fire,0,fire,0.907887
../dataset/Forect Fire/Forest Fire_Dataset/test/fire/fire_test_1003.jpg,data/processed/test/fire/fire_test_1003.jpg,fire,0,fire,0.7328938
../dataset/Forect Fire/Forest Fire_Dataset/test/fire/fire_test_1004.jpg,data/processed/test/fire/fire_test_1004.jpg,fire,0,fire,0.68658304
../dataset/Forect Fire/Forest Fire_Dataset/test/fire/fire_test_1005.jpg,data/processed/test/fire/fire_test_1005.jpg,fire,0,fire,0.8658823
../dataset/Forect Fire/Forest Fire_Dataset/test/fire/fire_test_1006.jpg,data/processed/test/fire/fire_test_1006.jpg,fire,0,smokefire,0.53532094
../dataset/Forect Fire/Forest Fire_Dataset/test/fire/fire_test_1007.jpg,data/processed/test/fire/fire_test_1007.jpg,fire,0,fire,0.58933365
../dataset/Forect Fire/Forest Fire_Dataset/test/fire/fire_test_1008.jpg,data/processed/test/fire/fire_test_1008.jpg,fire,0,fire,0.62365997
../dataset/Forect Fire/Forest Fire_Dataset/test/fire/fire_test_1009.jpg,data/processed/test/fire/fire_test_1009.jpg,fire,0,fire,0.8423624
../dataset/Forect Fire/Forest Fire_Dataset/test/fire/fire_test_1010.jpg,data/processed/test/fire/fire_test_1010.jpg,fire,0,fire,0.9506413
../dataset/Forect Fire/Forest Fire_Dataset/test/fire/fire_test_1011.jpg,data/processed/test/fire/fire_test_1011.jpg,fire,0,fire,0.84578437
../dataset/Forect Fire/Forest Fire_Dataset/test/fire/fire_test_1012.jpg,data/processed/test/fire/fire_test_1012.jpg,fire,0,fire,0.94349813
../dataset/Forect Fire/Forest Fire_Dataset/test/fire/fire_test_1013.jpg,data/processed/test/fire/fire_test_1013.jpg,fire,0,smokefire,0.5418762
../dataset/Forect Fire/Forest Fire_Dataset/test/fire/fire_test_1014.jpg,data/processed/test/fire/fire_test_1014.jpg,fire,0,smokefire,0.4733388
../dataset/Forect Fire/Forest Fire_Dataset/test/fire/fire_test_1015.jpg,data/processed/test/fire/fire_test_1015.jpg,fire,0,fire,0.79172814
../dataset/Forect Fire/Forest Fire_Dataset/test/fire/fire_test_1016.jpg,data/processed/test/fire/fire_test_1016.jpg,fire,0,smokefire,0.59463245
../dataset/Forect Fire/Forest Fire_Dataset/test/fire/fire_test_1017.jpg,data/processed/test/fire/fire_test_1017.jpg,fire,0,fire,0.94671065
../dataset/Forect Fire/Forest Fire_Dataset/test/fire/fire_test_1018.jpg,data/processed/test/fire/fire_test_1018.jpg,fire,0,fire,0.9603734
../dataset/Forect Fire/Forest Fire_Dataset/test/fire/fire_test_1019.jpg,data/processed/test/fire/fire_test_1019.jpg,fire,0,fire,0.7506219
../dataset/Forect Fire/Forest Fire_Dataset/test/fire/fire_test_1020.jpg,data/processed/test/fire/fire_test_1020.jpg,fire,0,fire,0.76909083
../dataset/Forect Fire/Forest Fire_Dataset/test/fire/fire_test_1021.jpg,data/processed/test/fire/fire_test_1021.jpg,fire,0,fire,0.73803777
../dataset/Forect Fire/Forest Fire_Dataset/test/fire/fire_test_1022.jpg,data/processed/test/fire/fire_test_1022.jpg,fire,0,fire,0.48030713
../dataset/Forect Fire/Forest Fire_Dataset/test/fire/fire_test_1023.jpg,data/processed/test/fire/fire_test_1023.jpg,fire,0,smoke,0.7891714
../dataset/Forect Fire/Forest Fire_Dataset/test/fire/fire_test_1024.jpg,data/processed/test/fire/fire_test_1024.jpg,fire,0,fire,0.9429821
../dataset/Forect Fire/Forest Fire_Dataset/test/fire/fire_test_1025.jpg,data/processed/test/fire/fire_test_1025.jpg,fire,0,fire,0.7592876
../dataset/Forect Fire/Forest Fire_Dataset/test/fire/fire_test_1026.jpg,data/processed/test/fire/fire_test_1026.jpg,fire,0,fire,0.86551666
../dataset/Forect Fire/Forest Fire_Dataset/test/fire/fire_test_1027.jpg,data/processed/test/fire/fire_test_1027.jpg,fire,0,fire,0.61274564
../dataset/Forect Fire/Forest Fire_Dataset/test/fire/fire_test_1028.jpg,data/processed/test/fire/fire_test_1028.jpg,fire,0,fire,0.49464276
../dataset/Forect Fire/Forest Fire_Dataset/test/fire/fire_test_1029.jpg,data/processed/test/fire/fire_test_1029.jpg,fire,0,fire,0.889642
../dataset/Forect Fire/Forest Fire_Dataset/test/fire/fire_test_1030.jpg,data/processed/test/fire/fire_test_1030.jpg,fire,0,fire,0.67523456
../dataset/Forect Fire/Forest Fire_Dataset/test/fire/fire_test_1031.jpg,data/processed/test/fire/fire_test_1031.jpg,fire,0,fire,0.7528201
../dataset/Forect Fire/Forest Fire_Dataset/test/fire/fire_test_1032.jpg,data/processed/test/fire/fire_test_1032.jpg,fire,0,smokefire,0.5603573
../dataset/Forect Fire/Forest Fire_Dataset/test/fire/fire_test_1033.jpg,data/processed/test/fire/fire_test_1033.jpg,fire,0,smoke,0.40515003
../dataset/Forect Fire/Forest Fire_Dataset/test/fire/fire_test_1034.jpg,data/processed/test/fire/fire_test_1034.jpg,fire,0,fire,0.90156406
../dataset/Forect Fire/Forest Fire_Dataset/test/fire/fire_test_1035.jpg,data/processed/test/fire/fire_test_1035.jpg,fire,0,smokefire,0.45126635
../dataset/Forect Fire/Forest Fire_Dataset/test/fire/fire_test_1036.jpg,data/processed/test/fire/fire_test_1036.jpg,fire,0,smokefire,0.9533668
../dataset/Forect Fire/Forest Fire_Dataset/test/fire/fire_test_1037.jpg,data/processed/test/fire/fire_test_1037.jpg,fire,0,nofire,0.71956706
../dataset/Forect Fire/Forest Fire_Dataset/test/fire/fire_test_1038.jpg,data/processed/test/fire/fire_test_1038.jpg,fire,0,nofire,0.50738496
../dataset/Forect Fire/Forest Fire_Dataset/test/fire/fire_test_1039.jpg,data/processed/test/fire/fire_test_1039.jpg,fire,0,smokefire,0.51903
../dataset/Forect Fire/Forest Fire_Dataset/test/fire/fire_test_1040.jpg,data/processed/test/fire/fire_test_1040.jpg,fire,0,fire,0.93715054
../dataset/Forect Fire/Forest Fire_Dataset/test/fire/fire_test_1041.jpg,data/processed/test/fire/fire_test_1041.jpg,fire,0,smokefire,0.72536635
../dataset/Forect Fire/Forest Fire_Dataset/test/fire/fire_test_1042.jpg,data/processed/test/fire/fire_test_1042.jpg,fire,0,fire,0.62005454
../dataset/Forect Fire/Forest Fire_Dataset/test/fire/fire_test_1043.jpg,data/processed/test/fire/fire_test_1043.jpg,fire,0,fire,0.81091785
../dataset/Forect Fire/Forest Fire_Dataset/test/fire/fire_test_1044.jpg,data/processed/test/fire/fire_test_1044.jpg,fire,0,smokefire,0.68307495
../dataset/Forect Fire/Forest Fire_Dataset/test/fire/fire_test_1045.jpg,data/processed/test/fire/fire_test_1045.jpg,fire,0,smokefire,0.5542862
../dataset/Forect Fire/Forest Fire_Dataset/test/fire/fire_test_1046.jpg,data/processed/test/fire/fire_test_1046.jpg,fire,0,smokefire,0.7761678
../dataset/Forect Fire/Forest Fire_Dataset/test/fire/fire_test_1047.jpg,data/processed/test/fire/fire_test_1047.jpg,fire,0,fire,0.8032083
../dataset/Forect Fire/Forest Fire_Dataset/test/fire/fire_test_1048.jpg,data/processed/test/fire/fire_test_1048.jpg,fire,0,smokefire,0.77010715
../dataset/Forect Fire/Forest Fire_Dataset/test/fire/fire_test_1049.jpg,data/processed/test/fire/fire_test_1049.jpg,fire,0,smokefire,0.7008882
../dataset/Forect Fire/Forest Fire_Dataset/test/fire/fire_test_1050.jpg,data/processed/test/fire/fire_test_1050.jpg,fire,0,fire,0.8155347
../dataset/Forect Fire/Forest Fire_Dataset/test/fire/fire_test_1051.jpg,data/processed/test/fire/fire_test_1051.jpg,fire,0,smokefire,0.60374695
../dataset/Forect Fire/Forest Fire_Dataset/test/fire/fire_test_1052.jpg,data/processed/test/fire/fire_test_1052.jpg,fire,0,smoke,0.32037905
../dataset/Forect Fire/Forest Fire_Dataset/test/fire/fire_test_1053.jpg,data/processed/test/fire/fire_test_1053.jpg,fire,0,nofire,0.9315788
../dataset/Forect Fire/Forest Fire_Dataset/test/fire/fire_test_1054.jpg,data/processed/test/fire/fire_test_1054.jpg,fire,0,fire,0.8520569
../dataset/Forect Fire/Forest Fire_Dataset/test/fire/fire_test_1055.jpg,data/processed/test/fire/fire_test_1055.jpg,fire,0,fire,0.86328095
../dataset/Forect Fire/Forest Fire_Dataset/test/fire/fire_test_1056.jpg,data/processed/test/fire/fire_test_1056.jpg,fire,0,fire,0.93578243
../dataset/Forect Fire/Forest Fire_Dataset/test/fire/fire_test_1057.jpg,data/processed/test/fire/fire_test_1057.jpg,fire,0,nofire,0.54234093
../dataset/Forect Fire/Forest Fire_Dataset/test/fire/fire_test_1058.jpg,data/processed/test/fire/fire_test_1058.jpg,fire,0,fire,0.8395509
../dataset/Forect Fire/Forest Fire_Dataset/test/fire/fire_test_1059.jpg,data/processed/test/fire/fire_test_1059.jpg,fire,0,fire,0.84834546
../dataset/Forect Fire/Forest Fire_Dataset/test/fire/fire_test_1060.jpg,data/processed/test/fire/fire_test_1060.jpg,fire,0,fire,0.9811644
../dataset/Forect Fire/Forest Fire_Dataset/test/fire/fire_test_1061.jpg,data/processed/test/fire/fire_test_1061.jpg,fire,0,fire,0.9363659
../dataset/Forect Fire/Forest Fire_Dataset/test/fire/fire_test_1062.jpg,data/processed/test/fire/fire_test_1062.jpg,fire,0,fire,0.8223997
../dataset/Forect Fire/Forest Fire_Dataset/test/fire/fire_test_1063.jpg,data/processed/test/fire/fire_test_1063.jpg,fire,0,smokefire,0.71585655
../dataset/Forect Fire/Forest Fire_Dataset/test/fire/fire_test_1064.jpg,data/processed/test/fire/fire_test_1064.jpg,fire,0,fire,0.8659952
../dataset/Forect Fire/Forest Fire_Dataset/test/fire/fire_test_1065.jpg,data/processed/test/fire/fire_test_1065.jpg,fire,0,fire,0.9069633
../dataset/Forect Fire/Forest Fire_Dataset/test/fire/fire_test_1066.jpg,data/processed/test/fire/fire_test_1066.jpg,fire,0,smokefire,0.7843155
../dataset/Forect Fire/Forest Fire_Dataset/test/fire/fire_test_1067.jpg,data/processed/test/fire/fire_test_1067.jpg,fire,0,smokefire,0.7730579
../dataset/Forect Fire/Forest Fire_Dataset/test/fire/fire_test_1068.jpg,data/processed/test/fire/fire_test_1068.jpg,fire,0,fire,0.64476955
../dataset/Forect Fire/Forest Fire_Dataset/test/fire/fire_test_1069.jpg,data/processed/test/fire/fire_test_1069.jpg,fire,0,fire,0.90265095
../dataset/Forect Fire/Forest Fire_Dataset/test/fire/fire_test_1070.jpg,data/processed/test/fire/fire_test_1070.jpg,fire,0,fire,0.96197623
../dataset/Forect Fire/Forest Fire_Dataset/test/fire/fire_test_1071.jpg,data/processed/test/fire/fire_test_1071.jpg,fire,0,smokefire,0.71177363
../dataset/Forect Fire/Forest Fire_Dataset/test/fire/fire_test_1072.jpg,data/processed/test/fire/fire_test_1072.jpg,fire,0,smokefire,0.63091594
../dataset/Forect Fire/Forest Fire_Dataset/test/fire/fire_test_1073.jpg,data/processed/test/fire/fire_test_1073.jpg,fire,0,fire,0.89820063
../dataset/Forect Fire/Forest Fire_Dataset/test/fire/fire_test_1074.jpg,data/processed/test/fire/fire_test_1074.jpg,fire,0,fire,0.75074726
../dataset/Forect Fire/Forest Fire_Dataset/test/fire/fire_test_1075.jpg,data/processed/test/fire/fire_test_1075.jpg,fire,0,fire,0.853929
../dataset/Forect Fire/Forest Fire_Dataset/test/fire/fire_test_1076.jpg,data/processed/test/fire/fire_test_1076.jpg,fire,0,fire,0.90030587
../dataset/Forect Fire/Forest Fire_Dataset/test/fire/fire_test_1077.jpg,data/processed/test/fire/fire_test_1077.jpg,fire,0,smokefire,0.54699975
../dataset/Forect Fire/Forest Fire_Dataset/test/fire/fire_test_1078.jpg,data/processed/test/fire/fire_test_1078.jpg,fire,0,smokefire,0.6954519
../dataset/Forect Fire/Forest Fire_Dataset/test/fire/fire_test_1079.jpg,data/processed/test/fire/fire_test_1079.jpg,fire,0,smokefire,0.8284946
../dataset/Forect Fire/Forest Fire_Dataset/test/fire/fire_test_1080.jpg,data/processed/test/fire/fire_test_1080.jpg,fire,0,fire,0.9496109
../dataset/Forect Fire/Forest Fire_Dataset/test/fire/fire_test_1081.jpg,data/processed/test/fire/fire_test_1081.jpg,fire,0,fire,0.9352639
../dataset/Forect Fire/Forest Fire_Dataset/test/fire/fire_test_1082.jpg,data/processed/test/fire/fire_test_1082.jpg,fire,0,smokefire,0.5376433
../dataset/Forect Fire/Forest Fire_Dataset/test/fire/fire_test_1083.jpg,data/processed/test/fire/fire_test_1083.jpg,fire,0,fire,0.5876738
../dataset/Forect Fire/Forest Fire_Dataset/test/fire/fire_test_1084.jpg,data/processed/test/fire/fire_test_1084.jpg,fire,0,fire,0.71124446
../dataset/Forect Fire/Forest Fire_Dataset/test/fire/fire_test_1085.jpg,data/processed/test/fire/fire_test_1085.jpg,fire,0,smokefire,0.4927059
../dataset/Forect Fire/Forest Fire_Dataset/test/fire/fire_test_1086.jpg,data/processed/test/fire/fire_test_1086.jpg,fire,0,fire,0.7781078
../dataset/Forect Fire/Forest Fire_Dataset/test/fire/fire_test_1087.jpg,data/processed/test/fire/fire_test_1087.jpg,fire,0,smokefire,0.53995115
../dataset/Forect Fire/Forest Fire_Dataset/test/fire/fire_test_1088.jpg,data/processed/test/fire/fire_test_1088.jpg,fire,0,fire,0.9341736
../dataset/Forect Fire/Forest Fire_Dataset/test/fire/fire_test_1089.jpg,data/processed/test/fire/fire_test_1089.jpg,fire,0,fire,0.94340575
../dataset/Forect Fire/Forest Fire_Dataset/test/fire/fire_test_1090.jpg,data/processed/test/fire/fire_test_1090.jpg,fire,0,fire,0.9751663
../dataset/Forect Fire/Forest Fire_Dataset/test/fire/fire_test_1091.jpg,data/processed/test/fire/fire_test_1091.jpg,fire,0,smokefire,0.66117746
../dataset/Forect Fire/Forest Fire_Dataset/test/fire/fire_test_1092.jpg,data/processed/test/fire/fire_test_1092.jpg,fire,0,smoke,0.49282855
../dataset/Forect Fire/Forest Fire_Dataset/test/fire/fire_test_1093.jpg,data/processed/test/fire/fire_test_1093.jpg,fire,0,smokefire,0.43692905
../dataset/Forect Fire/Forest Fire_Dataset/test/fire/fire_test_1094.jpg,data/processed/test/fire/fire_test_1094.jpg,fire,0,fire,0.9161776
../dataset/Forect Fire/Forest Fire_Dataset/test/fire/fire_test_1095.jpg,data/processed/test/fire/fire_test_1095.jpg,fire,0,fire,0.9661882
../dataset/Forect Fire/Forest Fire_Dataset/test/fire/fire_test_1096.jpg,data/processed/test/fire/fire_test_1096.jpg,fire,0,fire,0.67553794
../dataset/Forect Fire/Forest Fire_Dataset/test/fire/fire_test_1097.jpg,data/processed/test/fire/fire_test_1097.jpg,fire,0,smokefire,0.41424882
../dataset/Forect Fire/Forest Fire_Dataset/test/fire/fire_test_1098.jpg,data/processed/test/fire/fire_test_1098.jpg,fire,0,fire,0.73722345
../dataset/Forect Fire/Forest Fire_Dataset/test/fire/fire_test_1099.jpg,data/processed/test/fire/fire_test_1099.jpg,fire,0,smokefire,0.6497702
../dataset/Forect Fire/Forest Fire_Dataset/test/fire/fire_test_1100.jpg,data/processed/test/fire/fire_test_1100.jpg,fire,0,smokefire,0.61708874
../dataset/Forect Fire/Forest Fire_Dataset/test/fire/fire_test_1101.jpg,data/processed/test/fire/fire_test_1101.jpg,fire,0,fire,0.61450315
../dataset/Forect Fire/Forest Fire_Dataset/test/fire/fire_test_1102.jpg,data/processed/test/fire/fire_test_1102.jpg,fire,0,smokefire,0.55080146
../dataset/Forect Fire/Forest Fire_Dataset/test/fire/fire_test_1103.jpg,data/processed/test/fire/fire_test_1103.jpg,fire,0,fire,0.505464
../dataset/Forect Fire/Forest Fire_Dataset/test/fire/fire_test_1104.jpg,data/processed/test/fire/fire_test_1104.jpg,fire,0,fire,0.9560795
../dataset/Forect Fire/Forest Fire_Dataset/test/fire/fire_test_1105.jpg,data/processed/test/fire/fire_test_1105.jpg,fire,0,fire,0.74630994
../dataset/Forect Fire/Forest Fire_Dataset/test/fire/fire_test_1106.jpg,data/processed/test/fire/fire_test_1106.jpg,fire,0,smokefire,0.4795244
../dataset/Forect Fire/Forest Fire_Dataset/test/fire/fire_test_1107.jpg,data/processed/test/fire/fire_test_1107.jpg,fire,0,fire,0.9136039
../dataset/Forect Fire/Forest Fire_Dataset/test/fire/fire_test_1108.jpg,data/processed/test/fire/fire_test_1108.jpg,fire,0,fire,0.85249317
../dataset/Forect Fire/Forest Fire_Dataset/test/fire/fire_test_1109.jpg,data/processed/test/fire/fire_test_1109.jpg,fire,0,nofire,0.52687275
../dataset/Forect Fire/Forest Fire_Dataset/test/fire/fire_test_1110.jpg,data/processed/test/fire/fire_test_1110.jpg,fire,0,fire,0.74829507
../dataset/Forect Fire/Forest Fire_Dataset/test/fire/fire_test_1111.jpg,data/processed/test/fire/fire_test_1111.jpg,fire,0,fire,0.8797527
../dataset/Forect Fire/Forest Fire_Dataset/test/fire/fire_test_1112.jpg,data/processed/test/fire/fire_test_1112.jpg,fire,0,fire,0.47395825
../dataset/Forect Fire/Forest Fire_Dataset/test/fire/fire_test_1113.jpg,data/processed/test/fire/fire_test_1113.jpg,fire,0,fire,0.7236459
../dataset/Forect Fire/Forest Fire_Dataset/test/fire/fire_test_1114.jpg,data/processed/test/fire/fire_test_1114.jpg,fire,0,fire,0.85152483
../dataset/Forect Fire/Forest Fire_Dataset/test/fire/fire_test_1115.jpg,data/processed/test/fire/fire_test_1115.jpg,fire,0,smokefire,0.43409267
../dataset/Forect Fire/Forest Fire_Dataset/test/fire/fire_test_1116.jpg,data/processed/test/fire/fire_test_1116.jpg,fire,0,fire,0.679057
../dataset/Forect Fire/Forest Fire_Dataset/test/fire/fire_test_1117.jpg,data/processed/test/fire/fire_test_1117.jpg,fire,0,fire,0.80480886
../dataset/Forect Fire/Forest Fire_Dataset/test/fire/fire_test_1118.jpg,data/processed/test/fire/fire_test_1118.jpg,fire,0,fire,0.7561037
../dataset/Forect Fire/Forest Fire_Dataset/test/fire/fire_test_1119.jpg,data/processed/test/fire/fire_test_1119.jpg,fire,0,smokefire,0.64949614
../dataset/Forect Fire/Forest Fire_Dataset/test/fire/fire_test_1120.jpg,data/processed/test/fire/fire_test_1120.jpg,fire,0,fire,0.81887776
../dataset/Forect Fire/Forest Fire_Dataset/test/fire/fire_test_1121.jpg,data/processed/test/fire/fire_test_1121.jpg,fire,0,fire,0.9678366
../dataset/Forect Fire/Forest Fire_Dataset/test/fire/fire_test_1122.jpg,data/processed/test/fire/fire_test_1122.jpg,fire,0,fire,0.7713933
../dataset/Forect Fire/Forest Fire_Dataset/test/fire/fire_test_1123.jpg,data/processed/test/fire/fire_test_1123.jpg,fire,0,smoke,0.4675884
../dataset/Forect Fire/Forest Fire_Dataset/test/fire/fire_test_1124.jpg,data/processed/test/fire/fire_test_1124.jpg,fire,0,smoke,0.59981763
../dataset/Forect Fire/Forest Fire_Dataset/test/fire/fire_test_1125.jpg,data/processed/test/fire/fire_test_1125.jpg,fire,0,fire,0.9296007
../dataset/Forect Fire/Forest Fire_Dataset/test/fire/fire_test_1126.jpg,data/processed/test/fire/fire_test_1126.jpg,fire,0,fire,0.9328155
../dataset/Forect Fire/Forest Fire_Dataset/test/fire/fire_test_1127.jpg,data/processed/test/fire/fire_test_1127.jpg,fire,0,fire,0.76439345
../dataset/Forect Fire/Forest Fire_Dataset/test/fire/fire_test_1128.jpg,data/processed/test/fire/fire_test_1128.jpg,fire,0,fire,0.96141946
../dataset/Forect Fire/Forest Fire_Dataset/test/fire/fire_test_1129.jpg,data/processed/test/fire/fire_test_1129.jpg,fire,0,fire,0.8913071
../dataset/Forect Fire/Forest Fire_Dataset/test/fire/fire_test_1130.jpg,data/processed/test/fire/fire_test_1130.jpg,fire,0,fire,0.9044419
../dataset/Forect Fire/Forest Fire_Dataset/test/fire/fire_test_1131.jpg,data/processed/test/fire/fire_test_1131.jpg,fire,0,fire,0.95064896
../dataset/Forect Fire/Forest Fire_Dataset/test/fire/fire_test_1132.jpg,data/processed/test/fire/fire_test_1132.jpg,fire,0,smokefire,0.77475286
../dataset/Forect Fire/Forest Fire_Dataset/test/fire/fire_test_1133.jpg,data/processed/test/fire/fire_test_1133.jpg,fire,0,nofire,0.81973547
../dataset/Forect Fire/Forest Fire_Dataset/test/fire/fire_test_1134.jpg,data/processed/test/fire/fire_test_1134.jpg,fire,0,fire,0.6009413
../dataset/Forect Fire/Forest Fire_Dataset/test/fire/fire_test_1135.jpg,data/processed/test/fire/fire_test_1135.jpg,fire,0,smokefire,0.5766529
../dataset/Forect Fire/Forest Fire_Dataset/test/fire/fire_test_1136.jpg,data/processed/test/fire/fire_test_1136.jpg,fire,0,fire,0.9464848
../dataset/Forect Fire/Forest Fire_Dataset/test/fire/fire_test_1137.jpg,data/processed/test/fire/fire_test_1137.jpg,fire,0,fire,0.938216
../dataset/Forect Fire/Forest Fire_Dataset/test/fire/fire_test_1138.jpg,data/processed/test/fire/fire_test_1138.jpg,fire,0,fire,0.92458314
../dataset/Forect Fire/Forest Fire_Dataset/test/fire/fire_test_1139.jpg,data/processed/test/fire/fire_test_1139.jpg,fire,0,smokefire,0.84901786
../dataset/Forect Fire/Forest Fire_Dataset/test/fire/fire_test_1140.jpg,data/processed/test/fire/fire_test_1140.jpg,fire,0,fire,0.5519158
../dataset/Forect Fire/Forest Fire_Dataset/test/fire/fire_test_1141.jpg,data/processed/test/fire/fire_test_1141.jpg,fire,0,fire,0.87260634
../dataset/Forect Fire/Forest Fire_Dataset/test/fire/fire_test_1142.jpg,data/processed/test/fire/fire_test_1142.jpg,fire,0,smokefire,0.56911975
../dataset/Forect Fire/Forest Fire_Dataset/test/fire/fire_test_1143.jpg,data/processed/test/fire/fire_test_1143.jpg,fire,0,fire,0.65972793
../dataset/Forect Fire/Forest Fire_Dataset/test/fire/fire_test_1144.jpg,data/processed/test/fire/fire_test_1144.jpg,fire,0,smokefire,0.5603818
../dataset/Forect Fire/Forest Fire_Dataset/test/fire/fire_test_1145.jpg,data/processed/test/fire/fire_test_1145.jpg,fire,0,fire,0.96527374
../dataset/Forect Fire/Forest Fire_Dataset/test/fire/fire_test_1146.jpg,data/processed/test/fire/fire_test_1146.jpg,fire,0,fire,0.82046694
../dataset/Forect Fire/Forest Fire_Dataset/test/fire/fire_test_1147.jpg,data/processed/test/fire/fire_test_1147.jpg,fire,0,fire,0.9159599
../dataset/Forect Fire/Forest Fire_Dataset/test/fire/fire_test_1148.jpg,data/processed/test/fire/fire_test_1148.jpg,fire,0,smoke,0.8585552
../dataset/Forect Fire/Forest Fire_Dataset/test/fire/fire_test_1149.jpg,data/processed/test/fire/fire_test_1149.jpg,fire,0,fire,0.9796322
../dataset/Forect Fire/Forest Fire_Dataset/test/fire/fire_test_1150.jpg,data/processed/test/fire/fire_test_1150.jpg,fire,0,smokefire,0.79604375
../dataset/Forect Fire/Forest Fire_Dataset/test/fire/fire_test_1151.jpg,data/processed/test/fire/fire_test_1151.jpg,fire,0,fire,0.8237201
../dataset/Forect Fire/Forest Fire_Dataset/test/fire/fire_test_1152.jpg,data/processed/test/fire/fire_test_1152.jpg,fire,0,smokefire,0.67260545
../dataset/Forect Fire/Forest Fire_Dataset/test/fire/fire_test_1153.jpg,data/processed/test/fire/fire_test_1153.jpg,fire,0,smoke,0.68650186
../dataset/Forect Fire/Forest Fire_Dataset/test/fire/fire_test_1154.jpg,data/processed/test/fire/fire_test_1154.jpg,fire,0,smokefire,0.8832562
../dataset/Forect Fire/Forest Fire_Dataset/test/fire/fire_test_1155.jpg,data/processed/test/fire/fire_test_1155.jpg,fire,0,smokefire,0.6251586
../dataset/Forect Fire/Forest Fire_Dataset/test/fire/fire_test_1156.jpg,data/processed/test/fire/fire_test_1156.jpg,fire,0,nofire,0.42928353
../dataset/Forect Fire/Forest Fire_Dataset/test/fire/fire_test_1157.jpg,data/processed/test/fire/fire_test_1157.jpg,fire,0,smokefire,0.755051
../dataset/Forect Fire/Forest Fire_Dataset/test/fire/fire_test_1158.jpg,data/processed/test/fire/fire_test_1158.jpg,fire,0,fire,0.8999028
../dataset/Forect Fire/Forest Fire_Dataset/test/fire/fire_test_1159.jpg,data/processed/test/fire/fire_test_1159.jpg,fire,0,fire,0.8932359
../dataset/Forect Fire/Forest Fire_Dataset/test/fire/fire_test_1160.jpg,data/processed/test/fire/fire_test_1160.jpg,fire,0,smoke,0.42567164
../dataset/Forect Fire/Forest Fire_Dataset/test/fire/fire_test_1161.jpg,data/processed/test/fire/fire_test_1161.jpg,fire,0,nofire,0.37041897
../dataset/Forect Fire/Forest Fire_Dataset/test/fire/fire_test_1162.jpg,data/processed/test/fire/fire_test_1162.jpg,fire,0,fire,0.47743133
../dataset/Forect Fire/Forest Fire_Dataset/test/fire/fire_test_1163.jpg,data/processed/test/fire/fire_test_1163.jpg,fire,0,nofire,0.41291484
../dataset/Forect Fire/Forest Fire_Dataset/test/fire/fire_test_1164.jpg,data/processed/test/fire/fire_test_1164.jpg,fire,0,smokefire,0.38056275
../dataset/Forect Fire/Forest Fire_Dataset/test/fire/fire_test_1165.jpg,data/processed/test/fire/fire_test_1165.jpg,fire,0,fire,0.9749708
../dataset/Forect Fire/Forest Fire_Dataset/test/fire/fire_test_1166.jpg,data/processed/test/fire/fire_test_1166.jpg,fire,0,fire,0.6223173
../dataset/Forect Fire/Forest Fire_Dataset/test/fire/fire_test_1167.jpg,data/processed/test/fire/fire_test_1167.jpg,fire,0,fire,0.86512256
../dataset/Forect Fire/Forest Fire_Dataset/test/fire/fire_test_1168.jpg,data/processed/test/fire/fire_test_1168.jpg,fire,0,smokefire,0.84506065
../dataset/Forect Fire/Forest Fire_Dataset/test/fire/fire_test_1169.jpg,data/processed/test/fire/fire_test_1169.jpg,fire,0,smokefire,0.6100933
../dataset/Forect Fire/Forest Fire_Dataset/test/fire/fire_test_1170.jpg,data/processed/test/fire/fire_test_1170.jpg,fire,0,smokefire,0.59889734
../dataset/Forect Fire/Forest Fire_Dataset/test/fire/fire_test_1171.jpg,data/processed/test/fire/fire_test_1171.jpg,fire,0,smokefire,0.38121948
../dataset/Forect Fire/Forest Fire_Dataset/test/fire/fire_test_1172.jpg,data/processed/test/fire/fire_test_1172.jpg,fire,0,fire,0.9718499
../dataset/Forect Fire/Forest Fire_Dataset/test/fire/fire_test_1173.jpg,data/processed/test/fire/fire_test_1173.jpg,fire,0,smoke,0.3894997
../dataset/Forect Fire/Forest Fire_Dataset/test/fire/fire_test_1174.jpg,data/processed/test/fire/fire_test_1174.jpg,fire,0,smokefire,0.35840818
../dataset/Forect Fire/Forest Fire_Dataset/test/fire/fire_test_1175.jpg,data/processed/test/fire/fire_test_1175.jpg,fire,0,smokefire,0.56642586
../dataset/Forect Fire/Forest Fire_Dataset/test/fire/fire_test_1176.jpg,data/processed/test/fire/fire_test_1176.jpg,fire,0,fire,0.9175629
../dataset/Forect Fire/Forest Fire_Dataset/test/fire/fire_test_1177.jpg,data/processed/test/fire/fire_test_1177.jpg,fire,0,fire,0.87680835
../dataset/Forect Fire/Forest Fire_Dataset/test/fire/fire_test_1178.jpg,data/processed/test/fire/fire_test_1178.jpg,fire,0,smokefire,0.6904486
../dataset/Forect Fire/Forest Fire_Dataset/test/fire/fire_test_1179.jpg,data/processed/test/fire/fire_test_1179.jpg,fire,0,fire,0.96731555
../dataset/Forect Fire/Forest Fire_Dataset/test/fire/fire_test_1180.jpg,data/processed/test/fire/fire_test_1180.jpg,fire,0,smokefire,0.6160938
../dataset/Forect Fire/Forest Fire_Dataset/test/fire/fire_test_1181.jpg,data/processed/test/fire/fire_test_1181.jpg,fire,0,fire,0.70466673
../dataset/Forect Fire/Forest Fire_Dataset/test/fire/fire_test_1182.jpg,data/processed/test/fire/fire_test_1182.jpg,fire,0,fire,0.95392233
../dataset/Forect Fire/Forest Fire_Dataset/test/fire/fire_test_1183.jpg,data/processed/test/fire/fire_test_1183.jpg,fire,0,fire,0.6028601
../dataset/Forect Fire/Forest Fire_Dataset/test/fire/fire_test_1184.jpg,data/processed/test/fire/fire_test_1184.jpg,fire,0,smoke,0.58743805
../dataset/Forect Fire/Forest Fire_Dataset/test/fire/fire_test_1185.jpg,data/processed/test/fire/fire_test_1185.jpg,fire,0,fire,0.68532825
../dataset/Forect Fire/Forest Fire_Dataset/test/fire/fire_test_1186.jpg,data/processed/test/fire/fire_test_1186.jpg,fire,0,fire,0.70650506
../dataset/Forect Fire/Forest Fire_Dataset/test/fire/fire_test_1187.jpg,data/processed/test/fire/fire_test_1187.jpg,fire,0,fire,0.95405024
../dataset/Forect Fire/Forest Fire_Dataset/test/fire/fire_test_1188.jpg,data/processed/test/fire/fire_test_1188.jpg,fire,0,smoke,0.6159109
../dataset/Forect Fire/Forest Fire_Dataset/test/fire/fire_test_1189.jpg,data/processed/test/fire/fire_test_1189.jpg,fire,0,fire,0.87106496
../dataset/Forect Fire/Forest Fire_Dataset/test/fire/fire_test_1190.jpg,data/processed/test/fire/fire_test_1190.jpg,fire,0,fire,0.6567247
../dataset/Forect Fire/Forest Fire_Dataset/test/fire/fire_test_1191.jpg,data/processed/test/fire/fire_test_1191.jpg,fire,0,smokefire,0.5784638
../dataset/Forect Fire/Forest Fire_Dataset/test/fire/fire_test_1192.jpg,data/processed/test/fire/fire_test_1192.jpg,fire,0,fire,0.9366511
../dataset/Forect Fire/Forest Fire_Dataset/test/fire/fire_test_1193.jpg,data/processed/test/fire/fire_test_1193.jpg,fire,0,fire,0.99115855
../dataset/Forect Fire/Forest Fire_Dataset/test/fire/fire_test_1194.jpg,data/processed/test/fire/fire_test_1194.jpg,fire,0,fire,0.49296418
../dataset/Forect Fire/Forest Fire_Dataset/test/fire/fire_test_1195.jpg,data/processed/test/fire/fire_test_1195.jpg,fire,0,fire,0.894817
../dataset/Forect Fire/Forest Fire_Dataset/test/fire/fire_test_1196.jpg,data/processed/test/fire/fire_test_1196.jpg,fire,0,fire,0.84810865
../dataset/Forect Fire/Forest Fire_Dataset/test/fire/fire_test_1197.jpg,data/processed/test/fire/fire_test_1197.jpg,fire,0,fire,0.54610145
../dataset/Forect Fire/Forest Fire_Dataset/test/fire/fire_test_1198.jpg,data/processed/test/fire/fire_test_1198.jpg,fire,0,fire,0.9835833
../dataset/Forect Fire/Forest Fire_Dataset/test/fire/fire_test_1199.jpg,data/processed/test/fire/fire_test_1199.jpg,fire,0,fire,0.9722535
../dataset/Forect Fire/Forest Fire_Dataset/test/fire/fire_test_1200.jpg,data/processed/test/fire/fire_test_1200.jpg,fire,0,fire,0.805114
../dataset/Forect Fire/Forest Fire_Dataset/test/nofire/nofire_test_1001.jpg,data/processed/test/nofire/nofire_test_1001.jpg,nofire,1,fire,0.7182694
../dataset/Forect Fire/Forest Fire_Dataset/test/nofire/nofire_test_1002.jpg,data/processed/test/nofire/nofire_test_1002.jpg,nofire,1,fire,0.85076946
../dataset/Forect Fire/Forest Fire_Dataset/test/nofire/nofire_test_1003.jpg,data/processed/test/nofire/nofire_test_1003.jpg,nofire,1,nofire,0.9032454
../dataset/Forect Fire/Forest Fire_Dataset/test/nofire/nofire_test_1004.jpg,data/processed/test/nofire/nofire_test_1004.jpg,nofire,1,nofire,0.972307
../dataset/Forect Fire/Forest Fire_Dataset/test/nofire/nofire_test_1005.jpg,data/processed/test/nofire/nofire_test_1005.jpg,nofire,1,smokefire,0.57529026
../dataset/Forect Fire/Forest Fire_Dataset/test/nofire/nofire_test_1006.jpg,data/processed/test/nofire/nofire_test_1006.jpg,nofire,1,nofire,0.9230647
../dataset/Forect Fire/Forest Fire_Dataset/test/nofire/nofire_test_1007.jpg,data/processed/test/nofire/nofire_test_1007.jpg,nofire,1,nofire,0.98991257
../dataset/Forect Fire/Forest Fire_Dataset/test/nofire/nofire_test_1008.jpg,data/processed/test/nofire/nofire_test_1008.jpg,nofire,1,nofire,0.9838229
../dataset/Forect Fire/Forest Fire_Dataset/test/nofire/nofire_test_1009.jpg,data/processed/test/nofire/nofire_test_1009.jpg,nofire,1,nofire,0.5710624
../dataset/Forect Fire/Forest Fire_Dataset/test/nofire/nofire_test_1010.jpg,data/processed/test/nofire/nofire_test_1010.jpg,nofire,1,fire,0.6048695
../dataset/Forect Fire/Forest Fire_Dataset/test/nofire/nofire_test_1011.jpg,data/processed/test/nofire/nofire_test_1011.jpg,nofire,1,nofire,0.6369511
../dataset/Forect Fire/Forest Fire_Dataset/test/nofire/nofire_test_1012.jpg,data/processed/test/nofire/nofire_test_1012.jpg,nofire,1,nofire,0.5383731
../dataset/Forect Fire/Forest Fire_Dataset/test/nofire/nofire_test_1013.jpg,data/processed/test/nofire/nofire_test_1013.jpg,nofire,1,nofire,0.88454574
../dataset/Forect Fire/Forest Fire_Dataset/test/nofire/nofire_test_1014.jpg,data/processed/test/nofire/nofire_test_1014.jpg,nofire,1,nofire,0.878192
../dataset/Forect Fire/Forest Fire_Dataset/test/nofire/nofire_test_1015.jpg,data/processed/test/nofire/nofire_test_1015.jpg,nofire,1,nofire,0.9033381
../dataset/Forect Fire/Forest Fire_Dataset/test/nofire/nofire_test_1016.jpg,data/processed/test/nofire/nofire_test_1016.jpg,nofire,1,nofire,0.9010488
../dataset/Forect Fire/Forest Fire_Dataset/test/nofire/nofire_test_1017.jpg,data/processed/test/nofire/nofire_test_1017.jpg,nofire,1,nofire,0.5843354
../dataset/Forect Fire/Forest Fire_Dataset/test/nofire/nofire_test_1018.jpg,data/processed/test/nofire/nofire_test_1018.jpg,nofire,1,nofire,0.5584872
../dataset/Forect Fire/Forest Fire_Dataset/test/nofire/nofire_test_1019.jpg,data/processed/test/nofire/nofire_test_1019.jpg,nofire,1,smoke,0.59441936
../dataset/Forect Fire/Forest Fire_Dataset/test/nofire/nofire_test_1020.jpg,data/processed/test/nofire/nofire_test_1020.jpg,nofire,1,nofire,0.94918764
../dataset/Forect Fire/Forest Fire_Dataset/test/nofire/nofire_test_1021.jpg,data/processed/test/nofire/nofire_test_1021.jpg,nofire,1,nofire,0.9425863
../dataset/Forect Fire/Forest Fire_Dataset/test/nofire/nofire_test_1022.jpg,data/processed/test/nofire/nofire_test_1022.jpg,nofire,1,nofire,0.9333185
../dataset/Forect Fire/Forest Fire_Dataset/test/nofire/nofire_test_1023.jpg,data/processed/test/nofire/nofire_test_1023.jpg,nofire,1,nofire,0.95828104
../dataset/Forect Fire/Forest Fire_Dataset/test/nofire/nofire_test_1024.jpg,data/processed/test/nofire/nofire_test_1024.jpg,nofire,1,smoke,0.59055597
../dataset/Forect Fire/Forest Fire_Dataset/test/nofire/nofire_test_1025.jpg,data/processed/test/nofire/nofire_test_1025.jpg,nofire,1,nofire,0.9991541
../dataset/Forect Fire/Forest Fire_Dataset/test/nofire/nofire_test_1026.jpg,data/processed/test/nofire/nofire_test_1026.jpg,nofire,1,nofire,0.94193274
../dataset/Forect Fire/Forest Fire_Dataset/test/nofire/nofire_test_1027.jpg,data/processed/test/nofire/nofire_test_1027.jpg,nofire,1,smoke,0.75696164
../dataset/Forect Fire/Forest Fire_Dataset/test/nofire/nofire_test_1028.jpg,data/processed/test/nofire/nofire_test_1028.jpg,nofire,1,nofire,0.9904364
../dataset/Forect Fire/Forest Fire_Dataset/test/nofire/nofire_test_1029.jpg,data/processed/test/nofire/nofire_test_1029.jpg,nofire,1,nofire,0.9628109
../dataset/Forect Fire/Forest Fire_Dataset/test/nofire/nofire_test_1030.jpg,data/processed/test/nofire/nofire_test_1030.jpg,nofire,1,nofire,0.85451216
../dataset/Forect Fire/Forest Fire_Dataset/test/nofire/nofire_test_1031.jpg,data/processed/test/nofire/nofire_test_1031.jpg,nofire,1,fire,0.70758736
../dataset/Forect Fire/Forest Fire_Dataset/test/nofire/nofire_test_1032.jpg,data/processed/test/nofire/nofire_test_1032.jpg,nofire,1,fire,0.51894784
../dataset/Forect Fire/Forest Fire_Dataset/test/nofire/nofire_test_1033.jpg,data/processed/test/nofire/nofire_test_1033.jpg,nofire,1,fire,0.84482884
../dataset/Forect Fire/Forest Fire_Dataset/test/nofire/nofire_test_1034.jpg,data/processed/test/nofire/nofire_test_1034.jpg,nofire,1,nofire,0.7273575
../dataset/Forect Fire/Forest Fire_Dataset/test/nofire/nofire_test_1035.jpg,data/processed/test/nofire/nofire_test_1035.jpg,nofire,1,nofire,0.5947353
../dataset/Forect Fire/Forest Fire_Dataset/test/nofire/nofire_test_1036.jpg,data/processed/test/nofire/nofire_test_1036.jpg,nofire,1,nofire,0.9035581
../dataset/Forect Fire/Forest Fire_Dataset/test/nofire/nofire_test_1037.jpg,data/processed/test/nofire/nofire_test_1037.jpg,nofire,1,nofire,0.973092
../dataset/Forect Fire/Forest Fire_Dataset/test/nofire/nofire_test_1038.jpg,data/processed/test/nofire/nofire_test_1038.jpg,nofire,1,nofire,0.9582904
../dataset/Forect Fire/Forest Fire_Dataset/test/nofire/nofire_test_1039.jpg,data/processed/test/nofire/nofire_test_1039.jpg,nofire,1,nofire,0.55629915
../dataset/Forect Fire/Forest Fire_Dataset/test/nofire/nofire_test_1040.jpg,data/processed/test/nofire/nofire_test_1040.jpg,nofire,1,smokefire,0.42991033
../dataset/Forect Fire/Forest Fire_Dataset/test/nofire/nofire_test_1041.jpg,data/processed/test/nofire/nofire_test_1041.jpg,nofire,1,smokefire,0.41329098
../dataset/Forect Fire/Forest Fire_Dataset/test/nofire/nofire_test_1042.jpg,data/processed/test/nofire/nofire_test_1042.jpg,nofire,1,smokefire,0.7368705
../dataset/Forect Fire/Forest Fire_Dataset/test/nofire/nofire_test_1043.jpg,data/processed/test/nofire/nofire_test_1043.jpg,nofire,1,nofire,0.99940383
../dataset/Forect Fire/Forest Fire_Dataset/test/nofire/nofire_test_1044.jpg,data/processed/test/nofire/nofire_test_1044.jpg,nofire,1,smoke,0.785789
../dataset/Forect Fire/Forest Fire_Dataset/test/nofire/nofire_test_1045.jpg,data/processed/test/nofire/nofire_test_1045.jpg,nofire,1,nofire,0.6822128
../dataset/Forect Fire/Forest Fire_Dataset/test/nofire/nofire_test_1046.jpg,data/processed/test/nofire/nofire_test_1046.jpg,nofire,1,nofire,0.9999989
../dataset/Forect Fire/Forest Fire_Dataset/test/nofire/nofire_test_1047.jpg,data/processed/test/nofire/nofire_test_1047.jpg,nofire,1,nofire,0.986927
../dataset/Forect Fire/Forest Fire_Dataset/test/nofire/nofire_test_1048.jpg,data/processed/test/nofire/nofire_test_1048.jpg,nofire,1,nofire,0.99773705
../dataset/Forect Fire/Forest Fire_Dataset/test/nofire/nofire_test_1049.jpg,data/processed/test/nofire/nofire_test_1049.jpg,nofire,1,nofire,0.99949026
../dataset/Forect Fire/Forest Fire_Dataset/test/nofire/nofire_test_1050.jpg,data/processed/test/nofire/nofire_test_1050.jpg,nofire,1,nofire,0.48824424
../dataset/Forect Fire/Forest Fire_Dataset/test/nofire/nofire_test_1051.jpg,data/processed/test/nofire/nofire_test_1051.jpg,nofire,1,smoke,0.5513561
../dataset/Forect Fire/Forest Fire_Dataset/test/nofire/nofire_test_1052.jpg,data/processed/test/nofire/nofire_test_1052.jpg,nofire,1,nofire,0.84602743
../dataset/Forect Fire/Forest Fire_Dataset/test/nofire/nofire_test_1053.jpg,data/processed/test/nofire/nofire_test_1053.jpg,nofire,1,smokefire,0.3251893
../dataset/Forect Fire/Forest Fire_Dataset/test/nofire/nofire_test_1054.jpg,data/processed/test/nofire/nofire_test_1054.jpg,nofire,1,nofire,0.5088834
../dataset/Forect Fire/Forest Fire_Dataset/test/nofire/nofire_test_1055.jpg,data/processed/test/nofire/nofire_test_1055.jpg,nofire,1,nofire,0.54029953
../dataset/Forect Fire/Forest Fire_Dataset/test/nofire/nofire_test_1056.jpg,data/processed/test/nofire/nofire_test_1056.jpg,nofire,1,nofire,0.9264031
../dataset/Forect Fire/Forest Fire_Dataset/test/nofire/nofire_test_1057.jpg,data/processed/test/nofire/nofire_test_1057.jpg,nofire,1,nofire,0.4684469
../dataset/Forect Fire/Forest Fire_Dataset/test/nofire/nofire_test_1058.jpg,data/processed/test/nofire/nofire_test_1058.jpg,nofire,1,nofire,0.97847545
../dataset/Forect Fire/Forest Fire_Dataset/test/nofire/nofire_test_1059.jpg,data/processed/test/nofire/nofire_test_1059.jpg,nofire,1,smokefire,0.46169725
../dataset/Forect Fire/Forest Fire_Dataset/test/nofire/nofire_test_1060.jpg,data/processed/test/nofire/nofire_test_1060.jpg,nofire,1,nofire,0.95135564
../dataset/Forect Fire/Forest Fire_Dataset/test/nofire/nofire_test_1061.jpg,data/processed/test/nofire/nofire_test_1061.jpg,nofire,1,nofire,0.43126178
../dataset/Forect Fire/Forest Fire_Dataset/test/nofire/nofire_test_1062.jpg,data/processed/test/nofire/nofire_test_1062.jpg,nofire,1,nofire,0.9285618
../dataset/Forect Fire/Forest Fire_Dataset/test/nofire/nofire_test_1063.jpg,data/processed/test/nofire/nofire_test_1063.jpg,nofire,1,smoke,0.67610836
../dataset/Forect Fire/Forest Fire_Dataset/test/nofire/nofire_test_1064.jpg,data/processed/test/nofire/nofire_test_1064.jpg,nofire,1,nofire,0.83238053
../dataset/Forect Fire/Forest Fire_Dataset/test/nofire/nofire_test_1065.jpg,data/processed/test/nofire/nofire_test_1065.jpg,nofire,1,smokefire,0.4772977
../dataset/Forect Fire/Forest Fire_Dataset/test/nofire/nofire_test_1066.jpg,data/processed/test/nofire/nofire_test_1066.jpg,nofire,1,nofire,0.5329805
../dataset/Forect Fire/Forest Fire_Dataset/test/nofire/nofire_test_1067.jpg,data/processed/test/nofire/nofire_test_1067.jpg,nofire,1,smoke,0.9600488
../dataset/Forect Fire/Forest Fire_Dataset/test/nofire/nofire_test_1068.jpg,data/processed/test/nofire/nofire_test_1068.jpg,nofire,1,smoke,0.5208384
../dataset/Forect Fire/Forest Fire_Dataset/test/nofire/nofire_test_1069.jpg,data/processed/test/nofire/nofire_test_1069.jpg,nofire,1,nofire,0.95648396
../dataset/Forect Fire/Forest Fire_Dataset/test/nofire/nofire_test_1070.jpg,data/processed/test/nofire/nofire_test_1070.jpg,nofire,1,nofire,0.6806403
../dataset/Forect Fire/Forest Fire_Dataset/test/nofire/nofire_test_1071.jpg,data/processed/test/nofire/nofire_test_1071.jpg,nofire,1,nofire,0.69170696
../dataset/Forect Fire/Forest Fire_Dataset/test/nofire/nofire_test_1072.jpg,data/processed/test/nofire/nofire_test_1072.jpg,nofire,1,nofire,0.8223246
../dataset/Forect Fire/Forest Fire_Dataset/test/nofire/nofire_test_1073.jpg,data/processed/test/nofire/nofire_test_1073.jpg,nofire,1,nofire,0.84520507
../dataset/Forect Fire/Forest Fire_Dataset/test/nofire/nofire_test_1074.jpg,data/processed/test/nofire/nofire_test_1074.jpg,nofire,1,nofire,0.617459
../dataset/Forect Fire/Forest Fire_Dataset/test/nofire/nofire_test_1075.jpg,data/processed/test/nofire/nofire_test_1075.jpg,nofire,1,smokefire,0.48898208
../dataset/Forect Fire/Forest Fire_Dataset/test/nofire/nofire_test_1076.jpg,data/processed/test/nofire/nofire_test_1076.jpg,nofire,1,nofire,0.9903662
../dataset/Forect Fire/Forest Fire_Dataset/test/nofire/nofire_test_1077.jpg,data/processed/test/nofire/nofire_test_1077.jpg,nofire,1,nofire,0.86084557
../dataset/Forect Fire/Forest Fire_Dataset/test/nofire/nofire_test_1078.jpg,data/processed/test/nofire/nofire_test_1078.jpg,nofire,1,nofire,0.76201814
../dataset/Forect Fire/Forest Fire_Dataset/test/nofire/nofire_test_1079.jpg,data/processed/test/nofire/nofire_test_1079.jpg,nofire,1,nofire,0.9441765
../dataset/Forect Fire/Forest Fire_Dataset/test/nofire/nofire_test_1080.jpg,data/processed/test/nofire/nofire_test_1080.jpg,nofire,1,nofire,0.9741397
../dataset/Forect Fire/Forest Fire_Dataset/test/nofire/nofire_test_1081.jpg,data/processed/test/nofire/nofire_test_1081.jpg,nofire,1,smoke,0.66151494
../dataset/Forect Fire/Forest Fire_Dataset/test/nofire/nofire_test_1082.jpg,data/processed/test/nofire/nofire_test_1082.jpg,nofire,1,nofire,0.55089444
../dataset/Forect Fire/Forest Fire_Dataset/test/nofire/nofire_test_1083.jpg,data/processed/test/nofire/nofire_test_1083.jpg,nofire,1,smoke,0.5997348
../dataset/Forect Fire/Forest Fire_Dataset/test/nofire/nofire_test_1084.jpg,data/processed/test/nofire/nofire_test_1084.jpg,nofire,1,smoke,0.58163035
../dataset/Forect Fire/Forest Fire_Dataset/test/nofire/nofire_test_1085.jpg,data/processed/test/nofire/nofire_test_1085.jpg,nofire,1,nofire,0.6360533
../dataset/Forect Fire/Forest Fire_Dataset/test/nofire/nofire_test_1086.jpg,data/processed/test/nofire/nofire_test_1086.jpg,nofire,1,smoke,0.5411986
../dataset/Forect Fire/Forest Fire_Dataset/test/nofire/nofire_test_1087.jpg,data/processed/test/nofire/nofire_test_1087.jpg,nofire,1,nofire,0.6609412
../dataset/Forect Fire/Forest Fire_Dataset/test/nofire/nofire_test_1088.jpg,data/processed/test/nofire/nofire_test_1088.jpg,nofire,1,smoke,0.8248838
../dataset/Forect Fire/Forest Fire_Dataset/test/nofire/nofire_test_1089.jpg,data/processed/test/nofire/nofire_test_1089.jpg,nofire,1,nofire,0.7146589
../dataset/Forect Fire/Forest Fire_Dataset/test/nofire/nofire_test_1090.jpg,data/processed/test/nofire/nofire_test_1090.jpg,nofire,1,nofire,0.6557105
../dataset/Forect Fire/Forest Fire_Dataset/test/nofire/nofire_test_1091.jpg,data/processed/test/nofire/nofire_test_1091.jpg,nofire,1,nofire,0.8944286
../dataset/Forect Fire/Forest Fire_Dataset/test/nofire/nofire_test_1092.jpg,data/processed/test/nofire/nofire_test_1092.jpg,nofire,1,nofire,0.969495
../dataset/Forect Fire/Forest Fire_Dataset/test/nofire/nofire_test_1093.jpg,data/processed/test/nofire/nofire_test_1093.jpg,nofire,1,nofire,0.9718042
../dataset/Forect Fire/Forest Fire_Dataset/test/nofire/nofire_test_1094.jpg,data/processed/test/nofire/nofire_test_1094.jpg,nofire,1,nofire,0.94985366
../dataset/Forect Fire/Forest Fire_Dataset/test/nofire/nofire_test_1095.jpg,data/processed/test/nofire/nofire_test_1095.jpg,nofire,1,nofire,0.97537214
../dataset/Forect Fire/Forest Fire_Dataset/test/nofire/nofire_test_1096.jpg,data/processed/test/nofire/nofire_test_1096.jpg,nofire,1,nofire,0.9575339
../dataset/Forect Fire/Forest Fire_Dataset/test/nofire/nofire_test_1097.jpg,data/processed/test/nofire/nofire_test_1097.jpg,nofire,1,nofire,0.9175203
../dataset/Forect Fire/Forest Fire_Dataset/test/nofire/nofire_test_1098.jpg,data/processed/test/nofire/nofire_test_1098.jpg,nofire,1,smokefire,0.45240688
../dataset/Forect Fire/Forest Fire_Dataset/test/nofire/nofire_test_1099.jpg,data/processed/test/nofire/nofire_test_1099.jpg,nofire,1,nofire,0.65699977
../dataset/Forect Fire/Forest Fire_Dataset/test/nofire/nofire_test_1100.jpg,data/processed/test/nofire/nofire_test_1100.jpg,nofire,1,smokefire,0.3356261
../dataset/Forect Fire/Forest Fire_Dataset/test/nofire/nofire_test_1101.jpg,data/processed/test/nofire/nofire_test_1101.jpg,nofire,1,fire,0.4174101
../dataset/Forect Fire/Forest Fire_Dataset/test/nofire/nofire_test_1102.jpg,data/processed/test/nofire/nofire_test_1102.jpg,nofire,1,smokefire,0.49751723
../dataset/Forect Fire/Forest Fire_Dataset/test/nofire/nofire_test_1103.jpg,data/processed/test/nofire/nofire_test_1103.jpg,nofire,1,nofire,0.9377515
../dataset/Forect Fire/Forest Fire_Dataset/test/nofire/nofire_test_1104.jpg,data/processed/test/nofire/nofire_test_1104.jpg,nofire,1,nofire,0.93173677
../dataset/Forect Fire/Forest Fire_Dataset/test/nofire/nofire_test_1105.jpg,data/processed/test/nofire/nofire_test_1105.jpg,nofire,1,nofire,0.90687525
../dataset/Forect Fire/Forest Fire_Dataset/test/nofire/nofire_test_1106.jpg,data/processed/test/nofire/nofire_test_1106.jpg,nofire,1,nofire,0.7097938
../dataset/Forect Fire/Forest Fire_Dataset/test/nofire/nofire_test_1107.jpg,data/processed/test/nofire/nofire_test_1107.jpg,nofire,1,smokefire,0.43945256
../dataset/Forect Fire/Forest Fire_Dataset/test/nofire/nofire_test_1108.jpg,data/processed/test/nofire/nofire_test_1108.jpg,nofire,1,nofire,0.8752298
../dataset/Forect Fire/Forest Fire_Dataset/test/nofire/nofire_test_1109.jpg,data/processed/test/nofire/nofire_test_1109.jpg,nofire,1,nofire,0.5521463
../dataset/Forect Fire/Forest Fire_Dataset/test/nofire/nofire_test_1110.jpg,data/processed/test/nofire/nofire_test_1110.jpg,nofire,1,nofire,0.81381404
../dataset/Forect Fire/Forest Fire_Dataset/test/nofire/nofire_test_1111.jpg,data/processed/test/nofire/nofire_test_1111.jpg,nofire,1,nofire,0.7261754
../dataset/Forect Fire/Forest Fire_Dataset/test/nofire/nofire_test_1112.jpg,data/processed/test/nofire/nofire_test_1112.jpg,nofire,1,nofire,0.94845295
../dataset/Forect Fire/Forest Fire_Dataset/test/nofire/nofire_test_1113.jpg,data/processed/test/nofire/nofire_test_1113.jpg,nofire,1,nofire,0.51512975
../dataset/Forect Fire/Forest Fire_Dataset/test/nofire/nofire_test_1114.jpg,data/processed/test/nofire/nofire_test_1114.jpg,nofire,1,nofire,0.5652974
../dataset/Forect Fire/Forest Fire_Dataset/test/nofire/nofire_test_1115.jpg,data/processed/test/nofire/nofire_test_1115.jpg,nofire,1,nofire,0.7701576
../dataset/Forect Fire/Forest Fire_Dataset/test/nofire/nofire_test_1116.jpg,data/processed/test/nofire/nofire_test_1116.jpg,nofire,1,nofire,0.82489526
../dataset/Forect Fire/Forest Fire_Dataset/test/nofire/nofire_test_1117.jpg,data/processed/test/nofire/nofire_test_1117.jpg,nofire,1,smoke,0.5015769
../dataset/Forect Fire/Forest Fire_Dataset/test/nofire/nofire_test_1118.jpg,data/processed/test/nofire/nofire_test_1118.jpg,nofire,1,nofire,0.95483243
../dataset/Forect Fire/Forest Fire_Dataset/test/nofire/nofire_test_1119.jpg,data/processed/test/nofire/nofire_test_1119.jpg,nofire,1,smoke,0.5236621
../dataset/Forect Fire/Forest Fire_Dataset/test/nofire/nofire_test_1120.jpg,data/processed/test/nofire/nofire_test_1120.jpg,nofire,1,nofire,0.5618888
../dataset/Forect Fire/Forest Fire_Dataset/test/nofire/nofire_test_1121.jpg,data/processed/test/nofire/nofire_test_1121.jpg,nofire,1,nofire,0.66085905
../dataset/Forect Fire/Forest Fire_Dataset/test/nofire/nofire_test_1122.jpg,data/processed/test/nofire/nofire_test_1122.jpg,nofire,1,nofire,0.47645086
../dataset/Forect Fire/Forest Fire_Dataset/test/nofire/nofire_test_1123.jpg,data/processed/test/nofire/nofire_test_1123.jpg,nofire,1,smoke,0.6028699
../dataset/Forect Fire/Forest Fire_Dataset/test/nofire/nofire_test_1124.jpg,data/processed/test/nofire/nofire_test_1124.jpg,nofire,1,smoke,0.6884314
../dataset/Forect Fire/Forest Fire_Dataset/test/nofire/nofire_test_1125.jpg,data/processed/test/nofire/nofire_test_1125.jpg,nofire,1,nofire,0.80274504
../dataset/Forect Fire/Forest Fire_Dataset/test/nofire/nofire_test_1126.jpg,data/processed/test/nofire/nofire_test_1126.jpg,nofire,1,nofire,0.9906845
../dataset/Forect Fire/Forest Fire_Dataset/test/nofire/nofire_test_1127.jpg,data/processed/test/nofire/nofire_test_1127.jpg,nofire,1,fire,0.76897043
../dataset/Forect Fire/Forest Fire_Dataset/test/nofire/nofire_test_1128.jpg,data/processed/test/nofire/nofire_test_1128.jpg,nofire,1,smoke,0.7121914
../dataset/Forect Fire/Forest Fire_Dataset/test/nofire/nofire_test_1129.jpg,data/processed/test/nofire/nofire_test_1129.jpg,nofire,1,nofire,0.98125654
../dataset/Forect Fire/Forest Fire_Dataset/test/nofire/nofire_test_1130.jpg,data/processed/test/nofire/nofire_test_1130.jpg,nofire,1,smoke,0.4413497
../dataset/Forect Fire/Forest Fire_Dataset/test/nofire/nofire_test_1131.jpg,data/processed/test/nofire/nofire_test_1131.jpg,nofire,1,smoke,0.721947
../dataset/Forect Fire/Forest Fire_Dataset/test/nofire/nofire_test_1132.jpg,data/processed/test/nofire/nofire_test_1132.jpg,nofire,1,nofire,0.95244455
../dataset/Forect Fire/Forest Fire_Dataset/test/nofire/nofire_test_1133.jpg,data/processed/test/nofire/nofire_test_1133.jpg,nofire,1,smoke,0.59762716
../dataset/Forect Fire/Forest Fire_Dataset/test/nofire/nofire_test_1134.jpg,data/processed/test/nofire/nofire_test_1134.jpg,nofire,1,fire,0.5610803
../dataset/Forect Fire/Forest Fire_Dataset/test/nofire/nofire_test_1135.jpg,data/processed/test/nofire/nofire_test_1135.jpg,nofire,1,nofire,0.9204033
../dataset/Forect Fire/Forest Fire_Dataset/test/nofire/nofire_test_1136.jpg,data/processed/test/nofire/nofire_test_1136.jpg,nofire,1,nofire,0.9640145
../dataset/Forect Fire/Forest Fire_Dataset/test/nofire/nofire_test_1137.jpg,data/processed/test/nofire/nofire_test_1137.jpg,nofire,1,nofire,0.5287041
../dataset/Forect Fire/Forest Fire_Dataset/test/nofire/nofire_test_1138.jpg,data/processed/test/nofire/nofire_test_1138.jpg,nofire,1,nofire,0.41545817
../dataset/Forect Fire/Forest Fire_Dataset/test/nofire/nofire_test_1139.jpg,data/processed/test/nofire/nofire_test_1139.jpg,nofire,1,smoke,0.8410632
../dataset/Forect Fire/Forest Fire_Dataset/test/nofire/nofire_test_1140.jpg,data/processed/test/nofire/nofire_test_1140.jpg,nofire,1,nofire,0.52773803
../dataset/Forect Fire/Forest Fire_Dataset/test/nofire/nofire_test_1141.jpg,data/processed/test/nofire/nofire_test_1141.jpg,nofire,1,nofire,0.93333536
../dataset/Forect Fire/Forest Fire_Dataset/test/nofire/nofire_test_1142.jpg,data/processed/test/nofire/nofire_test_1142.jpg,nofire,1,nofire,0.8959992
../dataset/Forect Fire/Forest Fire_Dataset/test/nofire/nofire_test_1143.jpg,data/processed/test/nofire/nofire_test_1143.jpg,nofire,1,nofire,0.7998972
../dataset/Forect Fire/Forest Fire_Dataset/test/nofire/nofire_test_1144.jpg,data/processed/test/nofire/nofire_test_1144.jpg,nofire,1,nofire,0.56085414
../dataset/Forect Fire/Forest Fire_Dataset/test/nofire/nofire_test_1145.jpg,data/processed/test/nofire/nofire_test_1145.jpg,nofire,1,nofire,0.54002243
../dataset/Forect Fire/Forest Fire_Dataset/test/nofire/nofire_test_1146.jpg,data/processed/test/nofire/nofire_test_1146.jpg,nofire,1,nofire,0.6217457
../dataset/Forect Fire/Forest Fire_Dataset/test/nofire/nofire_test_1147.jpg,data/processed/test/nofire/nofire_test_1147.jpg,nofire,1,nofire,0.95050263
../dataset/Forect Fire/Forest Fire_Dataset/test/nofire/nofire_test_1148.jpg,data/processed/test/nofire/nofire_test_1148.jpg,nofire,1,nofire,0.9986149
../dataset/Forect Fire/Forest Fire_Dataset/test/nofire/nofire_test_1149.jpg,data/processed/test/nofire/nofire_test_1149.jpg,nofire,1,nofire,0.98136216
../dataset/Forect Fire/Forest Fire_Dataset/test/nofire/nofire_test_1150.jpg,data/processed/test/nofire/nofire_test_1150.jpg,nofire,1,nofire,0.990126
../dataset/Forect Fire/Forest Fire_Dataset/test/nofire/nofire_test_1151.jpg,data/processed/test/nofire/nofire_test_1151.jpg,nofire,1,nofire,0.7684317
../dataset/Forect Fire/Forest Fire_Dataset/test/nofire/nofire_test_1152.jpg,data/processed/test/nofire/nofire_test_1152.jpg,nofire,1,nofire,0.9204906
../dataset/Forect Fire/Forest Fire_Dataset/test/nofire/nofire_test_1153.jpg,data/processed/test/nofire/nofire_test_1153.jpg,nofire,1,nofire,0.5145014
../dataset/Forect Fire/Forest Fire_Dataset/test/nofire/nofire_test_1154.jpg,data/processed/test/nofire/nofire_test_1154.jpg,nofire,1,nofire,0.91535103
../dataset/Forect Fire/Forest Fire_Dataset/test/nofire/nofire_test_1155.jpg,data/processed/test/nofire/nofire_test_1155.jpg,nofire,1,smokefire,0.39845255
../dataset/Forect Fire/Forest Fire_Dataset/test/nofire/nofire_test_1156.jpg,data/processed/test/nofire/nofire_test_1156.jpg,nofire,1,nofire,0.6329434
../dataset/Forect Fire/Forest Fire_Dataset/test/nofire/nofire_test_1157.jpg,data/processed/test/nofire/nofire_test_1157.jpg,nofire,1,nofire,0.7716364
../dataset/Forect Fire/Forest Fire_Dataset/test/nofire/nofire_test_1158.jpg,data/processed/test/nofire/nofire_test_1158.jpg,nofire,1,smoke,0.5098639
../dataset/Forect Fire/Forest Fire_Dataset/test/nofire/nofire_test_1159.jpg,data/processed/test/nofire/nofire_test_1159.jpg,nofire,1,nofire,0.96501976
../dataset/Forect Fire/Forest Fire_Dataset/test/nofire/nofire_test_1160.jpg,data/processed/test/nofire/nofire_test_1160.jpg,nofire,1,nofire,0.8881974
../dataset/Forect Fire/Forest Fire_Dataset/test/nofire/nofire_test_1161.jpg,data/processed/test/nofire/nofire_test_1161.jpg,nofire,1,smokefire,0.5130773
../dataset/Forect Fire/Forest Fire_Dataset/test/nofire/nofire_test_1162.jpg,data/processed/test/nofire/nofire_test_1162.jpg,nofire,1,nofire,0.9480072
../dataset/Forect Fire/Forest Fire_Dataset/test/nofire/nofire_test_1163.jpg,data/processed/test/nofire/nofire_test_1163.jpg,nofire,1,nofire,0.99698985
../dataset/Forect Fire/Forest Fire_Dataset/test/nofire/nofire_test_1164.jpg,data/processed/test/nofire/nofire_test_1164.jpg,nofire,1,nofire,0.99982494
../dataset/Forect Fire/Forest Fire_Dataset/test/nofire/nofire_test_1165.jpg,data/processed/test/nofire/nofire_test_1165.jpg,nofire,1,nofire,0.9980907
../dataset/Forect Fire/Forest Fire_Dataset/test/nofire/nofire_test_1166.jpg,data/processed/test/nofire/nofire_test_1166.jpg,nofire,1,nofire,0.9567512
../dataset/Forect Fire/Forest Fire_Dataset/test/nofire/nofire_test_1167.jpg,data/processed/test/nofire/nofire_test_1167.jpg,nofire,1,nofire,0.6740238
../dataset/Forect Fire/Forest Fire_Dataset/test/nofire/nofire_test_1168.jpg,data/processed/test/nofire/nofire_test_1168.jpg,nofire,1,nofire,0.9998265
../dataset/Forect Fire/Forest Fire_Dataset/test/nofire/nofire_test_1169.jpg,data/processed/test/nofire/nofire_test_1169.jpg,nofire,1,nofire,0.95940363
../dataset/Forect Fire/Forest Fire_Dataset/test/nofire/nofire_test_1170.jpg,data/processed/test/nofire/nofire_test_1170.jpg,nofire,1,smokefire,0.72124195
../dataset/Forect Fire/Forest Fire_Dataset/test/nofire/nofire_test_1171.jpg,data/processed/test/nofire/nofire_test_1171.jpg,nofire,1,nofire,0.9093708
../dataset/Forect Fire/Forest Fire_Dataset/test/nofire/nofire_test_1172.jpg,data/processed/test/nofire/nofire_test_1172.jpg,nofire,1,nofire,0.82034916
../dataset/Forect Fire/Forest Fire_Dataset/test/nofire/nofire_test_1173.jpg,data/processed/test/nofire/nofire_test_1173.jpg,nofire,1,nofire,0.35594758
../dataset/Forect Fire/Forest Fire_Dataset/test/nofire/nofire_test_1174.jpg,data/processed/test/nofire/nofire_test_1174.jpg,nofire,1,nofire,0.9831708
../dataset/Forect Fire/Forest Fire_Dataset/test/nofire/nofire_test_1175.jpg,data/processed/test/nofire/nofire_test_1175.jpg,nofire,1,fire,0.3753507
../dataset/Forect Fire/Forest Fire_Dataset/test/nofire/nofire_test_1176.jpg,data/processed/test/nofire/nofire_test_1176.jpg,nofire,1,nofire,0.7418309
../dataset/Forect Fire/Forest Fire_Dataset/test/nofire/nofire_test_1177.jpg,data/processed/test/nofire/nofire_test_1177.jpg,nofire,1,smokefire,0.56691384
../dataset/Forect Fire/Forest Fire_Dataset/test/nofire/nofire_test_1178.jpg,data/processed/test/nofire/nofire_test_1178.jpg,nofire,1,nofire,0.9092052
../dataset/Forect Fire/Forest Fire_Dataset/test/nofire/nofire_test_1179.jpg,data/processed/test/nofire/nofire_test_1179.jpg,nofire,1,nofire,0.91885906
../dataset/Forect Fire/Forest Fire_Dataset/test/nofire/nofire_test_1180.jpg,data/processed/test/nofire/nofire_test_1180.jpg,nofire,1,nofire,0.7813655
../dataset/Forect Fire/Forest Fire_Dataset/test/nofire/nofire_test_1181.jpg,data/processed/test/nofire/nofire_test_1181.jpg,nofire,1,nofire,0.8711903
../dataset/Forect Fire/Forest Fire_Dataset/test/nofire/nofire_test_1182.jpg,data/processed/test/nofire/nofire_test_1182.jpg,nofire,1,nofire,0.7573252
../dataset/Forect Fire/Forest Fire_Dataset/test/nofire/nofire_test_1183.jpg,data/processed/test/nofire/nofire_test_1183.jpg,nofire,1,nofire,0.71251345
../dataset/Forect Fire/Forest Fire_Dataset/test/nofire/nofire_test_1184.jpg,data/processed/test/nofire/nofire_test_1184.jpg,nofire,1,nofire,0.51271677
../dataset/Forect Fire/Forest Fire_Dataset/test/nofire/nofire_test_1185.jpg,data/processed/test/nofire/nofire_test_1185.jpg,nofire,1,nofire,0.97887623
../dataset/Forect Fire/Forest Fire_Dataset/test/nofire/nofire_test_1186.jpg,data/processed/test/nofire/nofire_test_1186.jpg,nofire,1,nofire,0.9417188
../dataset/Forect Fire/Forest Fire_Dataset/test/nofire/nofire_test_1187.jpg,data/processed/test/nofire/nofire_test_1187.jpg,nofire,1,nofire,0.9808636
../dataset/Forect Fire/Forest Fire_Dataset/test/nofire/nofire_test_1188.jpg,data/processed/test/nofire/nofire_test_1188.jpg,nofire,1,nofire,0.748964
../dataset/Forect Fire/Forest Fire_Dataset/test/nofire/nofire_test_1189.jpg,data/processed/test/nofire/nofire_test_1189.jpg,nofire,1,nofire,0.66883117
../dataset/Forect Fire/Forest Fire_Dataset/test/nofire/nofire_test_1190.jpg,data/processed/test/nofire/nofire_test_1190.jpg,nofire,1,nofire,0.891822
../dataset/Forect Fire/Forest Fire_Dataset/test/nofire/nofire_test_1191.jpg,data/processed/test/nofire/nofire_test_1191.jpg,nofire,1,nofire,0.9900755
../dataset/Forect Fire/Forest Fire_Dataset/test/nofire/nofire_test_1192.jpg,data/processed/test/nofire/nofire_test_1192.jpg,nofire,1,nofire,0.85653263
../dataset/Forect Fire/Forest Fire_Dataset/test/nofire/nofire_test_1193.jpg,data/processed/test/nofire/nofire_test_1193.jpg,nofire,1,nofire,0.5231317
../dataset/Forect Fire/Forest Fire_Dataset/test/nofire/nofire_test_1194.jpg,data/processed/test/nofire/nofire_test_1194.jpg,nofire,1,nofire,0.9964858
../dataset/Forect Fire/Forest Fire_Dataset/test/nofire/nofire_test_1195.jpg,data/processed/test/nofire/nofire_test_1195.jpg,nofire,1,nofire,0.7762303
../dataset/Forect Fire/Forest Fire_Dataset/test/nofire/nofire_test_1196.jpg,data/processed/test/nofire/nofire_test_1196.jpg,nofire,1,smoke,0.4200513
../dataset/Forect Fire/Forest Fire_Dataset/test/nofire/nofire_test_1197.jpg,data/processed/test/nofire/nofire_test_1197.jpg,nofire,1,nofire,0.850107
../dataset/Forect Fire/Forest Fire_Dataset/test/nofire/nofire_test_1198.jpg,data/processed/test/nofire/nofire_test_1198.jpg,nofire,1,nofire,0.4313029
../dataset/Forect Fire/Forest Fire_Dataset/test/nofire/nofire_test_1199.jpg,data/processed/test/nofire/nofire_test_1199.jpg,nofire,1,nofire,0.86731696
../dataset/Forect Fire/Forest Fire_Dataset/test/nofire/nofire_test_1200.jpg,data/processed/test/nofire/nofire_test_1200.jpg,nofire,1,smoke,0.5762925
../dataset/Forect Fire/Forest Fire_Dataset/test/smoke/smoke_test_1001.jpg,data/processed/test/smoke/smoke_test_1001.jpg,smoke,2,nofire,0.57344615
../dataset/Forect Fire/Forest Fire_Dataset/test/smoke/smoke_test_1002.jpg,data/processed/test/smoke/smoke_test_1002.jpg,smoke,2,smoke,0.8962178
../dataset/Forect Fire/Forest Fire_Dataset/test/smoke/smoke_test_1003.jpg,data/processed/test/smoke/smoke_test_1003.jpg,smoke,2,smoke,0.56167245
../dataset/Forect Fire/Forest Fire_Dataset/test/smoke/smoke_test_1004.jpg,data/processed/test/smoke/smoke_test_1004.jpg,smoke,2,smoke,0.495013
../dataset/Forect Fire/Forest Fire_Dataset/test/smoke/smoke_test_1005.jpg,data/processed/test/smoke/smoke_test_1005.jpg,smoke,2,nofire,0.8893657
../dataset/Forect Fire/Forest Fire_Dataset/test/smoke/smoke_test_1006.jpg,data/processed/test/smoke/smoke_test_1006.jpg,smoke,2,smoke,0.47399864
../dataset/Forect Fire/Forest Fire_Dataset/test/smoke/smoke_test_1007.jpg,data/processed/test/smoke/smoke_test_1007.jpg,smoke,2,smoke,0.67389286
../dataset/Forect Fire/Forest Fire_Dataset/test/smoke/smoke_test_1008.jpg,data/processed/test/smoke/smoke_test_1008.jpg,smoke,2,smoke,0.9422635
../dataset/Forect Fire/Forest Fire_Dataset/test/smoke/smoke_test_1009.jpg,data/processed/test/smoke/smoke_test_1009.jpg,smoke,2,smoke,0.79327637
../dataset/Forect Fire/Forest Fire_Dataset/test/smoke/smoke_test_1010.jpg,data/processed/test/smoke/smoke_test_1010.jpg,smoke,2,nofire,0.6690178
../dataset/Forect Fire/Forest Fire_Dataset/test/smoke/smoke_test_1011.jpg,data/processed/test/smoke/smoke_test_1011.jpg,smoke,2,smoke,0.8034277
../dataset/Forect Fire/Forest Fire_Dataset/test/smoke/smoke_test_1012.jpg,data/processed/test/smoke/smoke_test_1012.jpg,smoke,2,nofire,0.51049024
../dataset/Forect Fire/Forest Fire_Dataset/test/smoke/smoke_test_1013.jpg,data/processed/test/smoke/smoke_test_1013.jpg,smoke,2,smoke,0.79378575
../dataset/Forect Fire/Forest Fire_Dataset/test/smoke/smoke_test_1014.jpg,data/processed/test/smoke/smoke_test_1014.jpg,smoke,2,nofire,0.6471371
../dataset/Forect Fire/Forest Fire_Dataset/test/smoke/smoke_test_1015.jpg,data/processed/test/smoke/smoke_test_1015.jpg,smoke,2,smoke,0.79571515
../dataset/Forect Fire/Forest Fire_Dataset/test/smoke/smoke_test_1016.jpg,data/processed/test/smoke/smoke_test_1016.jpg,smoke,2,nofire,0.42219722
../dataset/Forect Fire/Forest Fire_Dataset/test/smoke/smoke_test_1017.jpg,data/processed/test/smoke/smoke_test_1017.jpg,smoke,2,smoke,0.5280562
../dataset/Forect Fire/Forest Fire_Dataset/test/smoke/smoke_test_1018.jpg,data/processed/test/smoke/smoke_test_1018.jpg,smoke,2,nofire,0.5761899
../dataset/Forect Fire/Forest Fire_Dataset/test/smoke/smoke_test_1019.jpg,data/processed/test/smoke/smoke_test_1019.jpg,smoke,2,smoke,0.9024231
../dataset/Forect Fire/Forest Fire_Dataset/test/smoke/smoke_test_1020.jpg,data/processed/test/smoke/smoke_test_1020.jpg,smoke,2,smoke,0.43197975
../dataset/Forect Fire/Forest Fire_Dataset/test/smoke/smoke_test_1021.jpg,data/processed/test/smoke/smoke_test_1021.jpg,smoke,2,smoke,0.95814025
../dataset/Forect Fire/Forest Fire_Dataset/test/smoke/smoke_test_1022.jpg,data/processed/test/smoke/smoke_test_1022.jpg,smoke,2,nofire,0.5568002
../dataset/Forect Fire/Forest Fire_Dataset/test/smoke/smoke_test_1023.jpg,data/processed/test/smoke/smoke_test_1023.jpg,smoke,2,smoke,0.8318986
../dataset/Forect Fire/Forest Fire_Dataset/test/smoke/smoke_test_1024.jpg,data/processed/test/smoke/smoke_test_1024.jpg,smoke,2,smoke,0.6781039
../dataset/Forect Fire/Forest Fire_Dataset/test/smoke/smoke_test_1025.jpg,data/processed/test/smoke/smoke_test_1025.jpg,smoke,2,nofire,0.5595005
../dataset/Forect Fire/Forest Fire_Dataset/test/smoke/smoke_test_1026.jpg,data/processed/test/smoke/smoke_test_1026.jpg,smoke,2,smoke,0.88773054
../dataset/Forect Fire/Forest Fire_Dataset/test/smoke/smoke_test_1027.jpg,data/processed/test/smoke/smoke_test_1027.jpg,smoke,2,smoke,0.597613
../dataset/Forect Fire/Forest Fire_Dataset/test/smoke/smoke_test_1028.jpg,data/processed/test/smoke/smoke_test_1028.jpg,smoke,2,smoke,0.5253449
../dataset/Forect Fire/Forest Fire_Dataset/test/smoke/smoke_test_1029.jpg,data/processed/test/smoke/smoke_test_1029.jpg,smoke,2,smoke,0.8540232
../dataset/Forect Fire/Forest Fire_Dataset/test/smoke/smoke_test_1030.jpg,data/processed/test/smoke/smoke_test_1030.jpg,smoke,2,nofire,0.7102576
../dataset/Forect Fire/Forest Fire_Dataset/test/smoke/smoke_test_1031.jpg,data/processed/test/smoke/smoke_test_1031.jpg,smoke,2,nofire,0.5157282
../dataset/Forect Fire/Forest Fire_Dataset/test/smoke/smoke_test_1032.jpg,data/processed/test/smoke/smoke_test_1032.jpg,smoke,2,nofire,0.70635295
../dataset/Forect Fire/Forest Fire_Dataset/test/smoke/smoke_test_1033.jpg,data/processed/test/smoke/smoke_test_1033.jpg,smoke,2,smoke,0.87111217
../dataset/Forect Fire/Forest Fire_Dataset/test/smoke/smoke_test_1034.jpg,data/processed/test/smoke/smoke_test_1034.jpg,smoke,2,smoke,0.8049126
../dataset/Forect Fire/Forest Fire_Dataset/test/smoke/smoke_test_1035.jpg,data/processed/test/smoke/smoke_test_1035.jpg,smoke,2,nofire,0.45496073
../dataset/Forect Fire/Forest Fire_Dataset/test/smoke/smoke_test_1036.jpg,data/processed/test/smoke/smoke_test_1036.jpg,smoke,2,smokefire,0.40368047
../dataset/Forect Fire/Forest Fire_Dataset/test/smoke/smoke_test_1037.jpg,data/processed/test/smoke/smoke_test_1037.jpg,smoke,2,smoke,0.9447799
../dataset/Forect Fire/Forest Fire_Dataset/test/smoke/smoke_test_1038.jpg,data/processed/test/smoke/smoke_test_1038.jpg,smoke,2,smoke,0.89679223
../dataset/Forect Fire/Forest Fire_Dataset/test/smoke/smoke_test_1039.jpg,data/processed/test/smoke/smoke_test_1039.jpg,smoke,2,smoke,0.74918526
../dataset/Forect Fire/Forest Fire_Dataset/test/smoke/smoke_test_1040.jpg,data/processed/test/smoke/smoke_test_1040.jpg,smoke,2,smoke,0.7734234
../dataset/Forect Fire/Forest Fire_Dataset/test/smoke/smoke_test_1041.jpg,data/processed/test/smoke/smoke_test_1041.jpg,smoke,2,smoke,0.8386245
../dataset/Forect Fire/Forest Fire_Dataset/test/smoke/smoke_test_1042.jpg,data/processed/test/smoke/smoke_test_1042.jpg,smoke,2,smoke,0.79097325
../dataset/Forect Fire/Forest Fire_Dataset/test/smoke/smoke_test_1043.jpg,data/processed/test/smoke/smoke_test_1043.jpg,smoke,2,smoke,0.9266388
../dataset/Forect Fire/Forest Fire_Dataset/test/smoke/smoke_test_1044.jpg,data/processed/test/smoke/smoke_test_1044.jpg,smoke,2,nofire,0.55662227
../dataset/Forect Fire/Forest Fire_Dataset/test/smoke/smoke_test_1045.jpg,data/processed/test/smoke/smoke_test_1045.jpg,smoke,2,smoke,0.6146958
../dataset/Forect Fire/Forest Fire_Dataset/test/smoke/smoke_test_1046.jpg,data/processed/test/smoke/smoke_test_1046.jpg,smoke,2,nofire,0.9435022
../dataset/Forect Fire/Forest Fire_Dataset/test/smoke/smoke_test_1047.jpg,data/processed/test/smoke/smoke_test_1047.jpg,smoke,2,smoke,0.49415284
../dataset/Forect Fire/Forest Fire_Dataset/test/smoke/smoke_test_1048.jpg,data/processed/test/smoke/smoke_test_1048.jpg,smoke,2,smoke,0.87409097
../dataset/Forect Fire/Forest Fire_Dataset/test/smoke/smoke_test_1049.jpg,data/processed/test/smoke/smoke_test_1049.jpg,smoke,2,smoke,0.7614564
../dataset/Forect Fire/Forest Fire_Dataset/test/smoke/smoke_test_1050.jpg,data/processed/test/smoke/smoke_test_1050.jpg,smoke,2,smoke,0.46918294
../dataset/Forect Fire/Forest Fire_Dataset/test/smoke/smoke_test_1051.jpg,data/processed/test/smoke/smoke_test_1051.jpg,smoke,2,smoke,0.58021605
../dataset/Forect Fire/Forest Fire_Dataset/test/smoke/smoke_test_1052.jpg,data/processed/test/smoke/smoke_test_1052.jpg,smoke,2,smoke,0.92518663
../dataset/Forect Fire/Forest Fire_Dataset/test/smoke/smoke_test_1053.jpg,data/processed/test/smoke/smoke_test_1053.jpg,smoke,2,smoke,0.8240863
../dataset/Forect Fire/Forest Fire_Dataset/test/smoke/smoke_test_1054.jpg,data/processed/test/smoke/smoke_test_1054.jpg,smoke,2,smoke,0.44522494
../dataset/Forect Fire/Forest Fire_Dataset/test/smoke/smoke_test_1055.jpg,data/processed/test/smoke/smoke_test_1055.jpg,smoke,2,smoke,0.45106277
../dataset/Forect Fire/Forest Fire_Dataset/test/smoke/smoke_test_1056.jpg,data/processed/test/smoke/smoke_test_1056.jpg,smoke,2,smoke,0.51829165
../dataset/Forect Fire/Forest Fire_Dataset/test/smoke/smoke_test_1057.jpg,data/processed/test/smoke/smoke_test_1057.jpg,smoke,2,smoke,0.94016445
../dataset/Forect Fire/Forest Fire_Dataset/test/smoke/smoke_test_1058.jpg,data/processed/test/smoke/smoke_test_1058.jpg,smoke,2,smoke,0.65813965
../dataset/Forect Fire/Forest Fire_Dataset/test/smoke/smoke_test_1059.jpg,data/processed/test/smoke/smoke_test_1059.jpg,smoke,2,smoke,0.7692243
../dataset/Forect Fire/Forest Fire_Dataset/test/smoke/smoke_test_1060.jpg,data/processed/test/smoke/smoke_test_1060.jpg,smoke,2,nofire,0.44315824
../dataset/Forect Fire/Forest Fire_Dataset/test/smoke/smoke_test_1061.jpg,data/processed/test/smoke/smoke_test_1061.jpg,smoke,2,smoke,0.9327732
../dataset/Forect Fire/Forest Fire_Dataset/test/smoke/smoke_test_1062.jpg,data/processed/test/smoke/smoke_test_1062.jpg,smoke,2,smoke,0.7633731
../dataset/Forect Fire/Forest Fire_Dataset/test/smoke/smoke_test_1063.jpg,data/processed/test/smoke/smoke_test_1063.jpg,smoke,2,smoke,0.9486298
../dataset/Forect Fire/Forest Fire_Dataset/test/smoke/smoke_test_1064.jpg,data/processed/test/smoke/smoke_test_1064.jpg,smoke,2,smokefire,0.4979779
../dataset/Forect Fire/Forest Fire_Dataset/test/smoke/smoke_test_1065.jpg,data/processed/test/smoke/smoke_test_1065.jpg,smoke,2,smoke,0.40528286
../dataset/Forect Fire/Forest Fire_Dataset/test/smoke/smoke_test_1066.jpg,data/processed/test/smoke/smoke_test_1066.jpg,smoke,2,nofire,0.546577
../dataset/Forect Fire/Forest Fire_Dataset/test/smoke/smoke_test_1067.jpg,data/processed/test/smoke/smoke_test_1067.jpg,smoke,2,smoke,0.5903193
../dataset/Forect Fire/Forest Fire_Dataset/test/smoke/smoke_test_1068.jpg,data/processed/test/smoke/smoke_test_1068.jpg,smoke,2,smoke,0.8483732
../dataset/Forect Fire/Forest Fire_Dataset/test/smoke/smoke_test_1069.jpg,data/processed/test/smoke/smoke_test_1069.jpg,smoke,2,smoke,0.62649524
../dataset/Forect Fire/Forest Fire_Dataset/test/smoke/smoke_test_1070.jpg,data/processed/test/smoke/smoke_test_1070.jpg,smoke,2,nofire,0.77717435
../dataset/Forect Fire/Forest Fire_Dataset/test/smoke/smoke_test_1071.jpg,data/processed/test/smoke/smoke_test_1071.jpg,smoke,2,smoke,0.94727457
../dataset/Forect Fire/Forest Fire_Dataset/test/smoke/smoke_test_1072.jpg,data/processed/test/smoke/smoke_test_1072.jpg,smoke,2,smoke,0.95758224
../dataset/Forect Fire/Forest Fire_Dataset/test/smoke/smoke_test_1073.jpg,data/processed/test/smoke/smoke_test_1073.jpg,smoke,2,smoke,0.92204666
../dataset/Forect Fire/Forest Fire_Dataset/test/smoke/smoke_test_1074.jpg,data/processed/test/smoke/smoke_test_1074.jpg,smoke,2,smoke,0.9458286
../dataset/Forect Fire/Forest Fire_Dataset/test/smoke/smoke_test_1075.jpg,data/processed/test/smoke/smoke_test_1075.jpg,smoke,2,smoke,0.55586517
../dataset/Forect Fire/Forest Fire_Dataset/test/smoke/smoke_test_1076.jpg,data/processed/test/smoke/smoke_test_1076.jpg,smoke,2,smoke,0.9609948
../dataset/Forect Fire/Forest Fire_Dataset/test/smoke/smoke_test_1077.jpg,data/processed/test/smoke/smoke_test_1077.jpg,smoke,2,smoke,0.721543
../dataset/Forect Fire/Forest Fire_Dataset/test/smoke/smoke_test_1078.jpg,data/processed/test/smoke/smoke_test_1078.jpg,smoke,2,smoke,0.4796853
../dataset/Forect Fire/Forest Fire_Dataset/test/smoke/smoke_test_1079.jpg,data/processed/test/smoke/smoke_test_1079.jpg,smoke,2,smoke,0.8384295
../dataset/Forect Fire/Forest Fire_Dataset/test/smoke/smoke_test_1080.jpg,data/processed/test/smoke/smoke_test_1080.jpg,smoke,2,smoke,0.6058492
../dataset/Forect Fire/Forest Fire_Dataset/test/smoke/smoke_test_1081.jpg,data/processed/test/smoke/smoke_test_1081.jpg,smoke,2,smoke,0.5730943
../dataset/Forect Fire/Forest Fire_Dataset/test/smoke/smoke_test_1082.jpg,data/processed/test/smoke/smoke_test_1082.jpg,smoke,2,nofire,0.48767892
../dataset/Forect Fire/Forest Fire_Dataset/test/smoke/smoke_test_1083.jpg,data/processed/test/smoke/smoke_test_1083.jpg,smoke,2,smokefire,0.39995995
../dataset/Forect Fire/Forest Fire_Dataset/test/smoke/smoke_test_1084.jpg,data/processed/test/smoke/smoke_test_1084.jpg,smoke,2,smoke,0.79451126
../dataset/Forect Fire/Forest Fire_Dataset/test/smoke/smoke_test_1085.jpg,data/processed/test/smoke/smoke_test_1085.jpg,smoke,2,smoke,0.8953624
../dataset/Forect Fire/Forest Fire_Dataset/test/smoke/smoke_test_1086.jpg,data/processed/test/smoke/smoke_test_1086.jpg,smoke,2,smoke,0.8710909
../dataset/Forect Fire/Forest Fire_Dataset/test/smoke/smoke_test_1087.jpg,data/processed/test/smoke/smoke_test_1087.jpg,smoke,2,smoke,0.6069439
../dataset/Forect Fire/Forest Fire_Dataset/test/smoke/smoke_test_1088.jpg,data/processed/test/smoke/smoke_test_1088.jpg,smoke,2,smoke,0.62982404
../dataset/Forect Fire/Forest Fire_Dataset/test/smoke/smoke_test_1089.jpg,data/processed/test/smoke/smoke_test_1089.jpg,smoke,2,smoke,0.90744895
../dataset/Forect Fire/Forest Fire_Dataset/test/smoke/smoke_test_1090.jpg,data/processed/test/smoke/smoke_test_1090.jpg,smoke,2,smoke,0.6278025
../dataset/Forect Fire/Forest Fire_Dataset/test/smoke/smoke_test_1091.jpg,data/processed/test/smoke/smoke_test_1091.jpg,smoke,2,nofire,0.52713656
../dataset/Forect Fire/Forest Fire_Dataset/test/smoke/smoke_test_1092.jpg,data/processed/test/smoke/smoke_test_1092.jpg,smoke,2,smokefire,0.48439366
../dataset/Forect Fire/Forest Fire_Dataset/test/smoke/smoke_test_1093.jpg,data/processed/test/smoke/smoke_test_1093.jpg,smoke,2,smoke,0.8199017
../dataset/Forect Fire/Forest Fire_Dataset/test/smoke/smoke_test_1094.jpg,data/processed/test/smoke/smoke_test_1094.jpg,smoke,2,smoke,0.6084556
../dataset/Forect Fire/Forest Fire_Dataset/test/smoke/smoke_test_1095.jpg,data/processed/test/smoke/smoke_test_1095.jpg,smoke,2,nofire,0.64007777
../dataset/Forect Fire/Forest Fire_Dataset/test/smoke/smoke_test_1096.jpg,data/processed/test/smoke/smoke_test_1096.jpg,smoke,2,nofire,0.7920153
../dataset/Forect Fire/Forest Fire_Dataset/test/smoke/smoke_test_1097.jpg,data/processed/test/smoke/smoke_test_1097.jpg,smoke,2,smoke,0.9187307
../dataset/Forect Fire/Forest Fire_Dataset/test/smoke/smoke_test_1098.jpg,data/processed/test/smoke/smoke_test_1098.jpg,smoke,2,smoke,0.803394
../dataset/Forect Fire/Forest Fire_Dataset/test/smoke/smoke_test_1099.jpg,data/processed/test/smoke/smoke_test_1099.jpg,smoke,2,smoke,0.52313423
../dataset/Forect Fire/Forest Fire_Dataset/test/smoke/smoke_test_1100.jpg,data/processed/test/smoke/smoke_test_1100.jpg,smoke,2,smokefire,0.5368963
../dataset/Forect Fire/Forest Fire_Dataset/test/smoke/smoke_test_1101.jpg,data/processed/test/smoke/smoke_test_1101.jpg,smoke,2,nofire,0.5823159
../dataset/Forect Fire/Forest Fire_Dataset/test/smoke/smoke_test_1102.jpg,data/processed/test/smoke/smoke_test_1102.jpg,smoke,2,smoke,0.64849174
../dataset/Forect Fire/Forest Fire_Dataset/test/smoke/smoke_test_1103.jpg,data/processed/test/smoke/smoke_test_1103.jpg,smoke,2,smoke,0.8705371
../dataset/Forect Fire/Forest Fire_Dataset/test/smoke/smoke_test_1104.jpg,data/processed/test/smoke/smoke_test_1104.jpg,smoke,2,smoke,0.5770237
../dataset/Forect Fire/Forest Fire_Dataset/test/smoke/smoke_test_1105.jpg,data/processed/test/smoke/smoke_test_1105.jpg,smoke,2,nofire,0.3962531
../dataset/Forect Fire/Forest Fire_Dataset/test/smoke/smoke_test_1106.jpg,data/processed/test/smoke/smoke_test_1106.jpg,smoke,2,smoke,0.5907636
../dataset/Forect Fire/Forest Fire_Dataset/test/smoke/smoke_test_1107.jpg,data/processed/test/smoke/smoke_test_1107.jpg,smoke,2,smoke,0.5997494
../dataset/Forect Fire/Forest Fire_Dataset/test/smoke/smoke_test_1108.jpg,data/processed/test/smoke/smoke_test_1108.jpg,smoke,2,smoke,0.67328584
../dataset/Forect Fire/Forest Fire_Dataset/test/smoke/smoke_test_1109.jpg,data/processed/test/smoke/smoke_test_1109.jpg,smoke,2,smoke,0.9488032
../dataset/Forect Fire/Forest Fire_Dataset/test/smoke/smoke_test_1110.jpg,data/processed/test/smoke/smoke_test_1110.jpg,smoke,2,smoke,0.69272286
../dataset/Forect Fire/Forest Fire_Dataset/test/smoke/smoke_test_1111.jpg,data/processed/test/smoke/smoke_test_1111.jpg,smoke,2,smoke,0.8807881
../dataset/Forect Fire/Forest Fire_Dataset/test/smoke/smoke_test_1112.jpg,data/processed/test/smoke/smoke_test_1112.jpg,smoke,2,smoke,0.9539537
../dataset/Forect Fire/Forest Fire_Dataset/test/smoke/smoke_test_1113.jpg,data/processed/test/smoke/smoke_test_1113.jpg,smoke,2,smoke,0.77196777
../dataset/Forect Fire/Forest Fire_Dataset/test/smoke/smoke_test_1114.jpg,data/processed/test/smoke/smoke_test_1114.jpg,smoke,2,smoke,0.58655256
../dataset/Forect Fire/Forest Fire_Dataset/test/smoke/smoke_test_1115.jpg,data/processed/test/smoke/smoke_test_1115.jpg,smoke,2,nofire,0.5585764
../dataset/Forect Fire/Forest Fire_Dataset/test/smoke/smoke_test_1116.jpg,data/processed/test/smoke/smoke_test_1116.jpg,smoke,2,smoke,0.9257288
../dataset/Forect Fire/Forest Fire_Dataset/test/smoke/smoke_test_1117.jpg,data/processed/test/smoke/smoke_test_1117.jpg,smoke,2,smoke,0.8021577
../dataset/Forect Fire/Forest Fire_Dataset/test/smoke/smoke_test_1118.jpg,data/processed/test/smoke/smoke_test_1118.jpg,smoke,2,smoke,0.71324575
../dataset/Forect Fire/Forest Fire_Dataset/test/smoke/smoke_test_1119.jpg,data/processed/test/smoke/smoke_test_1119.jpg,smoke,2,smokefire,0.50099045
../dataset/Forect Fire/Forest Fire_Dataset/test/smoke/smoke_test_1120.jpg,data/processed/test/smoke/smoke_test_1120.jpg,smoke,2,smoke,0.80146605
../dataset/Forect Fire/Forest Fire_Dataset/test/smoke/smoke_test_1121.jpg,data/processed/test/smoke/smoke_test_1121.jpg,smoke,2,smokefire,0.6092491
../dataset/Forect Fire/Forest Fire_Dataset/test/smoke/smoke_test_1122.jpg,data/processed/test/smoke/smoke_test_1122.jpg,smoke,2,smokefire,0.44316733
../dataset/Forect Fire/Forest Fire_Dataset/test/smoke/smoke_test_1123.jpg,data/processed/test/smoke/smoke_test_1123.jpg,smoke,2,nofire,0.49591053
../dataset/Forect Fire/Forest Fire_Dataset/test/smoke/smoke_test_1124.jpg,data/processed/test/smoke/smoke_test_1124.jpg,smoke,2,smoke,0.9543708
../dataset/Forect Fire/Forest Fire_Dataset/test/smoke/smoke_test_1125.jpg,data/processed/test/smoke/smoke_test_1125.jpg,smoke,2,smoke,0.90269446
../dataset/Forect Fire/Forest Fire_Dataset/test/smoke/smoke_test_1126.jpg,data/processed/test/smoke/smoke_test_1126.jpg,smoke,2,smoke,0.65175474
../dataset/Forect Fire/Forest Fire_Dataset/test/smoke/smoke_test_1127.jpg,data/processed/test/smoke/smoke_test_1127.jpg,smoke,2,smoke,0.7057823
../dataset/Forect Fire/Forest Fire_Dataset/test/smoke/smoke_test_1128.jpg,data/processed/test/smoke/smoke_test_1128.jpg,smoke,2,nofire,0.90580505
../dataset/Forect Fire/Forest Fire_Dataset/test/smoke/smoke_test_1129.jpg,data/processed/test/smoke/smoke_test_1129.jpg,smoke,2,smoke,0.73617303
../dataset/Forect Fire/Forest Fire_Dataset/test/smoke/smoke_test_1130.jpg,data/processed/test/smoke/smoke_test_1130.jpg,smoke,2,smoke,0.84589255
../dataset/Forect Fire/Forest Fire_Dataset/test/smoke/smoke_test_1131.jpg,data/processed/test/smoke/smoke_test_1131.jpg,smoke,2,smoke,0.57493865
../dataset/Forect Fire/Forest Fire_Dataset/test/smoke/smoke_test_1132.jpg,data/processed/test/smoke/smoke_test_1132.jpg,smoke,2,smoke,0.73639214
../dataset/Forect Fire/Forest Fire_Dataset/test/smoke/smoke_test_1133.jpg,data/processed/test/smoke/smoke_test_1133.jpg,smoke,2,smoke,0.82506746
../dataset/Forect Fire/Forest Fire_Dataset/test/smoke/smoke_test_1134.jpg,data/processed/test/smoke/smoke_test_1134.jpg,smoke,2,smoke,0.90697986
../dataset/Forect Fire/Forest Fire_Dataset/test/smoke/smoke_test_1135.jpg,data/processed/test/smoke/smoke_test_1135.jpg,smoke,2,smoke,0.8305012
../dataset/Forect Fire/Forest Fire_Dataset/test/smoke/smoke_test_1136.jpg,data/processed/test/smoke/smoke_test_1136.jpg,smoke,2,smoke,0.9414376
../dataset/Forect Fire/Forest Fire_Dataset/test/smoke/smoke_test_1137.jpg,data/processed/test/smoke/smoke_test_1137.jpg,smoke,2,smoke,0.8202875
../dataset/Forect Fire/Forest Fire_Dataset/test/smoke/smoke_test_1138.jpg,data/processed/test/smoke/smoke_test_1138.jpg,smoke,2,smoke,0.83094203
../dataset/Forect Fire/Forest Fire_Dataset/test/smoke/smoke_test_1139.jpg,data/processed/test/smoke/smoke_test_1139.jpg,smoke,2,smoke,0.89679146
../dataset/Forect Fire/Forest Fire_Dataset/test/smoke/smoke_test_1140.jpg,data/processed/test/smoke/smoke_test_1140.jpg,smoke,2,smoke,0.78237236
../dataset/Forect Fire/Forest Fire_Dataset/test/smoke/smoke_test_1141.jpg,data/processed/test/smoke/smoke_test_1141.jpg,smoke,2,smokefire,0.73228437
../dataset/Forect Fire/Forest Fire_Dataset/test/smoke/smoke_test_1142.jpg,data/processed/test/smoke/smoke_test_1142.jpg,smoke,2,nofire,0.6442038
../dataset/Forect Fire/Forest Fire_Dataset/test/smoke/smoke_test_1143.jpg,data/processed/test/smoke/smoke_test_1143.jpg,smoke,2,smoke,0.9010805
../dataset/Forect Fire/Forest Fire_Dataset/test/smoke/smoke_test_1144.jpg,data/processed/test/smoke/smoke_test_1144.jpg,smoke,2,smoke,0.74571925
../dataset/Forect Fire/Forest Fire_Dataset/test/smoke/smoke_test_1145.jpg,data/processed/test/smoke/smoke_test_1145.jpg,smoke,2,nofire,0.5414
../dataset/Forect Fire/Forest Fire_Dataset/test/smoke/smoke_test_1146.jpg,data/processed/test/smoke/smoke_test_1146.jpg,smoke,2,smoke,0.7847558
../dataset/Forect Fire/Forest Fire_Dataset/test/smoke/smoke_test_1147.jpg,data/processed/test/smoke/smoke_test_1147.jpg,smoke,2,smoke,0.67335683
../dataset/Forect Fire/Forest Fire_Dataset/test/smoke/smoke_test_1148.jpg,data/processed/test/smoke/smoke_test_1148.jpg,smoke,2,nofire,0.46141794
../dataset/Forect Fire/Forest Fire_Dataset/test/smoke/smoke_test_1149.jpg,data/processed/test/smoke/smoke_test_1149.jpg,smoke,2,smoke,0.78704756
../dataset/Forect Fire/Forest Fire_Dataset/test/smoke/smoke_test_1150.jpg,data/processed/test/smoke/smoke_test_1150.jpg,smoke,2,smoke,0.68723315
../dataset/Forect Fire/Forest Fire_Dataset/test/smoke/smoke_test_1151.jpg,data/processed/test/smoke/smoke_test_1151.jpg,smoke,2,smoke,0.70392174
../dataset/Forect Fire/Forest Fire_Dataset/test/smoke/smoke_test_1152.jpg,data/processed/test/smoke/smoke_test_1152.jpg,smoke,2,smoke,0.79943866
../dataset/Forect Fire/Forest Fire_Dataset/test/smoke/smoke_test_1153.jpg,data/processed/test/smoke/smoke_test_1153.jpg,smoke,2,smoke,0.5246531
../dataset/Forect Fire/Forest Fire_Dataset/test/smoke/smoke_test_1154.jpg,data/processed/test/smoke/smoke_test_1154.jpg,smoke,2,nofire,0.68637145
../dataset/Forect Fire/Forest Fire_Dataset/test/smoke/smoke_test_1155.jpg,data/processed/test/smoke/smoke_test_1155.jpg,smoke,2,smoke,0.58008206
../dataset/Forect Fire/Forest Fire_Dataset/test/smoke/smoke_test_1156.jpg,data/processed/test/smoke/smoke_test_1156.jpg,smoke,2,smoke,0.8965713
../dataset/Forect Fire/Forest Fire_Dataset/test/smoke/smoke_test_1157.jpg,data/processed/test/smoke/smoke_test_1157.jpg,smoke,2,nofire,0.7682115
../dataset/Forect Fire/Forest Fire_Dataset/test/smoke/smoke_test_1158.jpg,data/processed/test/smoke/smoke_test_1158.jpg,smoke,2,smoke,0.50063217
../dataset/Forect Fire/Forest Fire_Dataset/test/smoke/smoke_test_1159.jpg,data/processed/test/smoke/smoke_test_1159.jpg,smoke,2,smoke,0.5358988
../dataset/Forect Fire/Forest Fire_Dataset/test/smoke/smoke_test_1160.jpg,data/processed/test/smoke/smoke_test_1160.jpg,smoke,2,smoke,0.91274095
../dataset/Forect Fire/Forest Fire_Dataset/test/smoke/smoke_test_1161.jpg,data/processed/test/smoke/smoke_test_1161.jpg,smoke,2,smoke,0.5322136
../dataset/Forect Fire/Forest Fire_Dataset/test/smoke/smoke_test_1162.jpg,data/processed/test/smoke/smoke_test_1162.jpg,smoke,2,smoke,0.9717737
../dataset/Forect Fire/Forest Fire_Dataset/test/smoke/smoke_test_1163.jpg,data/processed/test/smoke/smoke_test_1163.jpg,smoke,2,smoke,0.85962075
../dataset/Forect Fire/Forest Fire_Dataset/test/smoke/smoke_test_1164.jpg,data/processed/test/smoke/smoke_test_1164.jpg,smoke,2,smoke,0.9259059
../dataset/Forect Fire/Forest Fire_Dataset/test/smoke/smoke_test_1165.jpg,data/processed/test/smoke/smoke_test_1165.jpg,smoke,2,nofire,0.7317527
../dataset/Forect Fire/Forest Fire_Dataset/test/smoke/smoke_test_1166.jpg,data/processed/test/smoke/smoke_test_1166.jpg,smoke,2,smoke,0.6916783
../dataset/Forect Fire/Forest Fire_Dataset/test/smoke/smoke_test_1167.jpg,data/processed/test/smoke/smoke_test_1167.jpg,smoke,2,smoke,0.9521259
../dataset/Forect Fire/Forest Fire_Dataset/test/smoke/smoke_test_1168.jpg,data/processed/test/smoke/smoke_test_1168.jpg,smoke,2,smoke,0.5293449
../dataset/Forect Fire/Forest Fire_Dataset/test/smoke/smoke_test_1169.jpg,data/processed/test/smoke/smoke_test_1169.jpg,smoke,2,smoke,0.4976934
../dataset/Forect Fire/Forest Fire_Dataset/test/smoke/smoke_test_1170.jpg,data/processed/test/smoke/smoke_test_1170.jpg,smoke,2,smoke,0.9380013
../dataset/Forect Fire/Forest Fire_Dataset/test/smoke/smoke_test_1171.jpg,data/processed/test/smoke/smoke_test_1171.jpg,smoke,2,smoke,0.82982993
../dataset/Forect Fire/Forest Fire_Dataset/test/smoke/smoke_test_1172.jpg,data/processed/test/smoke/smoke_test_1172.jpg,smoke,2,smoke,0.4624396
../dataset/Forect Fire/Forest Fire_Dataset/test/smoke/smoke_test_1173.jpg,data/processed/test/smoke/smoke_test_1173.jpg,smoke,2,smoke,0.9650661
../dataset/Forect Fire/Forest Fire_Dataset/test/smoke/smoke_test_1174.jpg,data/processed/test/smoke/smoke_test_1174.jpg,smoke,2,smoke,0.4744865
../dataset/Forect Fire/Forest Fire_Dataset/test/smoke/smoke_test_1175.jpg,data/processed/test/smoke/smoke_test_1175.jpg,smoke,2,smoke,0.77601045
../dataset/Forect Fire/Forest Fire_Dataset/test/smoke/smoke_test_1176.jpg,data/processed/test/smoke/smoke_test_1176.jpg,smoke,2,smoke,0.6753118
../dataset/Forect Fire/Forest Fire_Dataset/test/smoke/smoke_test_1177.jpg,data/processed/test/smoke/smoke_test_1177.jpg,smoke,2,smoke,0.5903762
../dataset/Forect Fire/Forest Fire_Dataset/test/smoke/smoke_test_1178.jpg,data/processed/test/smoke/smoke_test_1178.jpg,smoke,2,nofire,0.47853705
../dataset/Forect Fire/Forest Fire_Dataset/test/smoke/smoke_test_1179.jpg,data/processed/test/smoke/smoke_test_1179.jpg,smoke,2,smoke,0.6389497
../dataset/Forect Fire/Forest Fire_Dataset/test/smoke/smoke_test_1180.jpg,data/processed/test/smoke/smoke_test_1180.jpg,smoke,2,smoke,0.73846203
../dataset/Forect Fire/Forest Fire_Dataset/test/smoke/smoke_test_1181.jpg,data/processed/test/smoke/smoke_test_1181.jpg,smoke,2,smoke,0.8836841
../dataset/Forect Fire/Forest Fire_Dataset/test/smoke/smoke_test_1182.jpg,data/processed/test/smoke/smoke_test_1182.jpg,smoke,2,nofire,0.5142696
../dataset/Forect Fire/Forest Fire_Dataset/test/smoke/smoke_test_1183.jpg,data/processed/test/smoke/smoke_test_1183.jpg,smoke,2,smoke,0.8622178
../dataset/Forect Fire/Forest Fire_Dataset/test/smoke/smoke_test_1184.jpg,data/processed/test/smoke/smoke_test_1184.jpg,smoke,2,nofire,0.5963062
../dataset/Forect Fire/Forest Fire_Dataset/test/smoke/smoke_test_1185.jpg,data/processed/test/smoke/smoke_test_1185.jpg,smoke,2,smoke,0.86805415
../dataset/Forect Fire/Forest Fire_Dataset/test/smoke/smoke_test_1186.jpg,data/processed/test/smoke/smoke_test_1186.jpg,smoke,2,smoke,0.689257
../dataset/Forect Fire/Forest Fire_Dataset/test/smoke/smoke_test_1187.jpg,data/processed/test/smoke/smoke_test_1187.jpg,smoke,2,smoke,0.8744422
../dataset/Forect Fire/Forest Fire_Dataset/test/smoke/smoke_test_1188.jpg,data/processed/test/smoke/smoke_test_1188.jpg,smoke,2,smoke,0.9629707
../dataset/Forect Fire/Forest Fire_Dataset/test/smoke/smoke_test_1189.jpg,data/processed/test/smoke/smoke_test_1189.jpg,smoke,2,smoke,0.9158999
../dataset/Forect Fire/Forest Fire_Dataset/test/smoke/smoke_test_1190.jpg,data/processed/test/smoke/smoke_test_1190.jpg,smoke,2,nofire,0.50890154
../dataset/Forect Fire/Forest Fire_Dataset/test/smoke/smoke_test_1191.jpg,data/processed/test/smoke/smoke_test_1191.jpg,smoke,2,smoke,0.43819335
../dataset/Forect Fire/Forest Fire_Dataset/test/smoke/smoke_test_1192.jpg,data/processed/test/smoke/smoke_test_1192.jpg,smoke,2,nofire,0.75545084
../dataset/Forect Fire/Forest Fire_Dataset/test/smoke/smoke_test_1193.jpg,data/processed/test/smoke/smoke_test_1193.jpg,smoke,2,smokefire,0.54684
../dataset/Forect Fire/Forest Fire_Dataset/test/smoke/smoke_test_1194.jpg,data/processed/test/smoke/smoke_test_1194.jpg,smoke,2,smoke,0.830319
../dataset/Forect Fire/Forest Fire_Dataset/test/smoke/smoke_test_1195.jpg,data/processed/test/smoke/smoke_test_1195.jpg,smoke,2,nofire,0.35573295
../dataset/Forect Fire/Forest Fire_Dataset/test/smoke/smoke_test_1196.jpg,data/processed/test/smoke/smoke_test_1196.jpg,smoke,2,nofire,0.67537093
../dataset/Forect Fire/Forest Fire_Dataset/test/smoke/smoke_test_1197.jpg,data/processed/test/smoke/smoke_test_1197.jpg,smoke,2,nofire,0.6708693
../dataset/Forect Fire/Forest Fire_Dataset/test/smoke/smoke_test_1198.jpg,data/processed/test/smoke/smoke_test_1198.jpg,smoke,2,smoke,0.6200274
../dataset/Forect Fire/Forest Fire_Dataset/test/smoke/smoke_test_1199.jpg,data/processed/test/smoke/smoke_test_1199.jpg,smoke,2,smoke,0.94352734
../dataset/Forect Fire/Forest Fire_Dataset/test/smoke/smoke_test_1200.jpg,data/processed/test/smoke/smoke_test_1200.jpg,smoke,2,nofire,0.53223234
../dataset/Forect Fire/Forest Fire_Dataset/test/smokefire/smokefire_test_1001.jpg,data/processed/test/smokefire/smokefire_test_1001.jpg,smokefire,3,smoke,0.5697864
../dataset/Forect Fire/Forest Fire_Dataset/test/smokefire/smokefire_test_1002.jpg,data/processed/test/smokefire/smokefire_test_1002.jpg,smokefire,3,smokefire,0.53438175
../dataset/Forect Fire/Forest Fire_Dataset/test/smokefire/smokefire_test_1003.jpg,data/processed/test/smokefire/smokefire_test_1003.jpg,smokefire,3,smokefire,0.5708991
../dataset/Forect Fire/Forest Fire_Dataset/test/smokefire/smokefire_test_1004.jpg,data/processed/test/smokefire/smokefire_test_1004.jpg,smokefire,3,smokefire,0.6143529
../dataset/Forect Fire/Forest Fire_Dataset/test/smokefire/smokefire_test_1005.jpg,data/processed/test/smokefire/smokefire_test_1005.jpg,smokefire,3,nofire,0.8163884
../dataset/Forect Fire/Forest Fire_Dataset/test/smokefire/smokefire_test_1006.jpg,data/processed/test/smokefire/smokefire_test_1006.jpg,smokefire,3,smoke,0.79664123
../dataset/Forect Fire/Forest Fire_Dataset/test/smokefire/smokefire_test_1007.jpg,data/processed/test/smokefire/smokefire_test_1007.jpg,smokefire,3,smokefire,0.4725327
../dataset/Forect Fire/Forest Fire_Dataset/test/smokefire/smokefire_test_1008.jpg,data/processed/test/smokefire/smokefire_test_1008.jpg,smokefire,3,fire,0.3800268
../dataset/Forect Fire/Forest Fire_Dataset/test/smokefire/smokefire_test_1009.jpg,data/processed/test/smokefire/smokefire_test_1009.jpg,smokefire,3,smoke,0.7650128
../dataset/Forect Fire/Forest Fire_Dataset/test/smokefire/smokefire_test_1010.jpg,data/processed/test/smokefire/smokefire_test_1010.jpg,smokefire,3,smokefire,0.46686038
../dataset/Forect Fire/Forest Fire_Dataset/test/smokefire/smokefire_test_1011.jpg,data/processed/test/smokefire/smokefire_test_1011.jpg,smokefire,3,nofire,0.62354714
../dataset/Forect Fire/Forest Fire_Dataset/test/smokefire/smokefire_test_1012.jpg,data/processed/test/smokefire/smokefire_test_1012.jpg,smokefire,3,smoke,0.8422583
../dataset/Forect Fire/Forest Fire_Dataset/test/smokefire/smokefire_test_1013.jpg,data/processed/test/smokefire/smokefire_test_1013.jpg,smokefire,3,smoke,0.524387
../dataset/Forect Fire/Forest Fire_Dataset/test/smokefire/smokefire_test_1014.jpg,data/processed/test/smokefire/smokefire_test_1014.jpg,smokefire,3,smokefire,0.44054443
../dataset/Forect Fire/Forest Fire_Dataset/test/smokefire/smokefire_test_1015.jpg,data/processed/test/smokefire/smokefire_test_1015.jpg,smokefire,3,smokefire,0.5576228
../dataset/Forect Fire/Forest Fire_Dataset/test/smokefire/smokefire_test_1016.jpg,data/processed/test/smokefire/smokefire_test_1016.jpg,smokefire,3,smokefire,0.5963991
../dataset/Forect Fire/Forest Fire_Dataset/test/smokefire/smokefire_test_1017.jpg,data/processed/test/smokefire/smokefire_test_1017.jpg,smokefire,3,smokefire,0.42622536
../dataset/Forect Fire/Forest Fire_Dataset/test/smokefire/smokefire_test_1018.jpg,data/processed/test/smokefire/smokefire_test_1018.jpg,smokefire,3,smokefire,0.41215605
../dataset/Forect Fire/Forest Fire_Dataset/test/smokefire/smokefire_test_1019.jpg,data/processed/test/smokefire/smokefire_test_1019.jpg,smokefire,3,smoke,0.565911
../dataset/Forect Fire/Forest Fire_Dataset/test/smokefire/smokefire_test_1020.jpg,data/processed/test/smokefire/smokefire_test_1020.jpg,smokefire,3,smokefire,0.73489606
../dataset/Forect Fire/Forest Fire_Dataset/test/smokefire/smokefire_test_1021.jpg,data/processed/test/smokefire/smokefire_test_1021.jpg,smokefire,3,smokefire,0.6859193
../dataset/Forect Fire/Forest Fire_Dataset/test/smokefire/smokefire_test_1022.jpg,data/processed/test/smokefire/smokefire_test_1022.jpg,smokefire,3,smoke,0.5819202
../dataset/Forect Fire/Forest Fire_Dataset/test/smokefire/smokefire_test_1023.jpg,data/processed/test/smokefire/smokefire_test_1023.jpg,smokefire,3,smoke,0.8123899
../dataset/Forect Fire/Forest Fire_Dataset/test/smokefire/smokefire_test_1024.jpg,data/processed/test/smokefire/smokefire_test_1024.jpg,smokefire,3,smoke,0.45098665
../dataset/Forect Fire/Forest Fire_Dataset/test/smokefire/smokefire_test_1025.jpg,data/processed/test/smokefire/smokefire_test_1025.jpg,smokefire,3,nofire,0.5032867
../dataset/Forect Fire/Forest Fire_Dataset/test/smokefire/smokefire_test_1026.jpg,data/processed/test/smokefire/smokefire_test_1026.jpg,smokefire,3,smoke,0.69553244
../dataset/Forect Fire/Forest Fire_Dataset/test/smokefire/smokefire_test_1027.jpg,data/processed/test/smokefire/smokefire_test_1027.jpg,smokefire,3,fire,0.6488932
../dataset/Forect Fire/Forest Fire_Dataset/test/smokefire/smokefire_test_1028.jpg,data/processed/test/smokefire/smokefire_test_1028.jpg,smokefire,3,smoke,0.61023456
../dataset/Forect Fire/Forest Fire_Dataset/test/smokefire/smokefire_test_1029.jpg,data/processed/test/smokefire/smokefire_test_1029.jpg,smokefire,3,smokefire,0.6409338
../dataset/Forect Fire/Forest Fire_Dataset/test/smokefire/smokefire_test_1030.jpg,data/processed/test/smokefire/smokefire_test_1030.jpg,smokefire,3,smoke,0.8052751
../dataset/Forect Fire/Forest Fire_Dataset/test/smokefire/smokefire_test_1031.jpg,data/processed/test/smokefire/smokefire_test_1031.jpg,smokefire,3,smoke,0.85682046
../dataset/Forect Fire/Forest Fire_Dataset/test/smokefire/smokefire_test_1032.jpg,data/processed/test/smokefire/smokefire_test_1032.jpg,smokefire,3,smokefire,0.5276643
../dataset/Forect Fire/Forest Fire_Dataset/test/smokefire/smokefire_test_1033.jpg,data/processed/test/smokefire/smokefire_test_1033.jpg,smokefire,3,smoke,0.57410586
../dataset/Forect Fire/Forest Fire_Dataset/test/smokefire/smokefire_test_1034.jpg,data/processed/test/smokefire/smokefire_test_1034.jpg,smokefire,3,fire,0.57985413
../dataset/Forect Fire/Forest Fire_Dataset/test/smokefire/smokefire_test_1035.jpg,data/processed/test/smokefire/smokefire_test_1035.jpg,smokefire,3,nofire,0.4340959
../dataset/Forect Fire/Forest Fire_Dataset/test/smokefire/smokefire_test_1036.jpg,data/processed/test/smokefire/smokefire_test_1036.jpg,smokefire,3,smoke,0.6076459
../dataset/Forect Fire/Forest Fire_Dataset/test/smokefire/smokefire_test_1037.jpg,data/processed/test/smokefire/smokefire_test_1037.jpg,smokefire,3,smoke,0.72831565
../dataset/Forect Fire/Forest Fire_Dataset/test/smokefire/smokefire_test_1038.jpg,data/processed/test/smokefire/smokefire_test_1038.jpg,smokefire,3,nofire,0.7031873
../dataset/Forect Fire/Forest Fire_Dataset/test/smokefire/smokefire_test_1039.jpg,data/processed/test/smokefire/smokefire_test_1039.jpg,smokefire,3,smokefire,0.581399
../dataset/Forect Fire/Forest Fire_Dataset/test/smokefire/smokefire_test_1040.jpg,data/processed/test/smokefire/smokefire_test_1040.jpg,smokefire,3,smokefire,0.44663247
../dataset/Forect Fire/Forest Fire_Dataset/test/smokefire/smokefire_test_1041.jpg,data/processed/test/smokefire/smokefire_test_1041.jpg,smokefire,3,fire,0.6442768
../dataset/Forect Fire/Forest Fire_Dataset/test/smokefire/smokefire_test_1042.jpg,data/processed/test/smokefire/smokefire_test_1042.jpg,smokefire,3,smokefire,0.5849627
../dataset/Forect Fire/Forest Fire_Dataset/test/smokefire/smokefire_test_1043.jpg,data/processed/test/smokefire/smokefire_test_1043.jpg,smokefire,3,fire,0.49022222
../dataset/Forect Fire/Forest Fire_Dataset/test/smokefire/smokefire_test_1044.jpg,data/processed/test/smokefire/smokefire_test_1044.jpg,smokefire,3,smoke,0.5925787
../dataset/Forect Fire/Forest Fire_Dataset/test/smokefire/smokefire_test_1045.jpg,data/processed/test/smokefire/smokefire_test_1045.jpg,smokefire,3,smokefire,0.5587469
../dataset/Forect Fire/Forest Fire_Dataset/test/smokefire/smokefire_test_1046.jpg,data/processed/test/smokefire/smokefire_test_1046.jpg,smokefire,3,smokefire,0.44884893
../dataset/Forect Fire/Forest Fire_Dataset/test/smokefire/smokefire_test_1047.jpg,data/processed/test/smokefire/smokefire_test_1047.jpg,smokefire,3,smokefire,0.3769187
../dataset/Forect Fire/Forest Fire_Dataset/test/smokefire/smokefire_test_1048.jpg,data/processed/test/smokefire/smokefire_test_1048.jpg,smokefire,3,smoke,0.6558946
../dataset/Forect Fire/Forest Fire_Dataset/test/smokefire/smokefire_test_1049.jpg,data/processed/test/smokefire/smokefire_test_1049.jpg,smokefire,3,nofire,0.91331196
../dataset/Forect Fire/Forest Fire_Dataset/test/smokefire/smokefire_test_1050.jpg,data/processed/test/smokefire/smokefire_test_1050.jpg,smokefire,3,smoke,0.7025724
../dataset/Forect Fire/Forest Fire_Dataset/test/smokefire/smokefire_test_1051.jpg,data/processed/test/smokefire/smokefire_test_1051.jpg,smokefire,3,smoke,0.70663965
../dataset/Forect Fire/Forest Fire_Dataset/test/smokefire/smokefire_test_1052.jpg,data/processed/test/smokefire/smokefire_test_1052.jpg,smokefire,3,smokefire,0.5535685
../dataset/Forect Fire/Forest Fire_Dataset/test/smokefire/smokefire_test_1053.jpg,data/processed/test/smokefire/smokefire_test_1053.jpg,smokefire,3,smokefire,0.6427346
../dataset/Forect Fire/Forest Fire_Dataset/test/smokefire/smokefire_test_1054.jpg,data/processed/test/smokefire/smokefire_test_1054.jpg,smokefire,3,smokefire,0.5626158
../dataset/Forect Fire/Forest Fire_Dataset/test/smokefire/smokefire_test_1055.jpg,data/processed/test/smokefire/smokefire_test_1055.jpg,smokefire,3,smokefire,0.7810249
../dataset/Forect Fire/Forest Fire_Dataset/test/smokefire/smokefire_test_1056.jpg,data/processed/test/smokefire/smokefire_test_1056.jpg,smokefire,3,fire,0.5616608
../dataset/Forect Fire/Forest Fire_Dataset/test/smokefire/smokefire_test_1057.jpg,data/processed/test/smokefire/smokefire_test_1057.jpg,smokefire,3,smoke,0.5803048
../dataset/Forect Fire/Forest Fire_Dataset/test/smokefire/smokefire_test_1058.jpg,data/processed/test/smokefire/smokefire_test_1058.jpg,smokefire,3,smoke,0.83224964
../dataset/Forect Fire/Forest Fire_Dataset/test/smokefire/smokefire_test_1059.jpg,data/processed/test/smokefire/smokefire_test_1059.jpg,smokefire,3,smokefire,0.74697906
../dataset/Forect Fire/Forest Fire_Dataset/test/smokefire/smokefire_test_1060.jpg,data/processed/test/smokefire/smokefire_test_1060.jpg,smokefire,3,nofire,0.67081076
../dataset/Forect Fire/Forest Fire_Dataset/test/smokefire/smokefire_test_1061.jpg,data/processed/test/smokefire/smokefire_test_1061.jpg,smokefire,3,fire,0.69369566
../dataset/Forect Fire/Forest Fire_Dataset/test/smokefire/smokefire_test_1062.jpg,data/processed/test/smokefire/smokefire_test_1062.jpg,smokefire,3,smokefire,0.69331133
../dataset/Forect Fire/Forest Fire_Dataset/test/smokefire/smokefire_test_1063.jpg,data/processed/test/smokefire/smokefire_test_1063.jpg,smokefire,3,smoke,0.5845805
../dataset/Forect Fire/Forest Fire_Dataset/test/smokefire/smokefire_test_1064.jpg,data/processed/test/smokefire/smokefire_test_1064.jpg,smokefire,3,smoke,0.7891766
../dataset/Forect Fire/Forest Fire_Dataset/test/smokefire/smokefire_test_1065.jpg,data/processed/test/smokefire/smokefire_test_1065.jpg,smokefire,3,smokefire,0.53987724
../dataset/Forect Fire/Forest Fire_Dataset/test/smokefire/smokefire_test_1066.jpg,data/processed/test/smokefire/smokefire_test_1066.jpg,smokefire,3,smoke,0.6173706
../dataset/Forect Fire/Forest Fire_Dataset/test/smokefire/smokefire_test_1067.jpg,data/processed/test/smokefire/smokefire_test_1067.jpg,smokefire,3,nofire,0.506838
../dataset/Forect Fire/Forest Fire_Dataset/test/smokefire/smokefire_test_1068.jpg,data/processed/test/smokefire/smokefire_test_1068.jpg,smokefire,3,smokefire,0.72851396
../dataset/Forect Fire/Forest Fire_Dataset/test/smokefire/smokefire_test_1069.jpg,data/processed/test/smokefire/smokefire_test_1069.jpg,smokefire,3,fire,0.5999271
../dataset/Forect Fire/Forest Fire_Dataset/test/smokefire/smokefire_test_1070.jpg,data/processed/test/smokefire/smokefire_test_1070.jpg,smokefire,3,smokefire,0.73636526
../dataset/Forect Fire/Forest Fire_Dataset/test/smokefire/smokefire_test_1071.jpg,data/processed/test/smokefire/smokefire_test_1071.jpg,smokefire,3,fire,0.5061029
../dataset/Forect Fire/Forest Fire_Dataset/test/smokefire/smokefire_test_1072.jpg,data/processed/test/smokefire/smokefire_test_1072.jpg,smokefire,3,smoke,0.889066
../dataset/Forect Fire/Forest Fire_Dataset/test/smokefire/smokefire_test_1073.jpg,data/processed/test/smokefire/smokefire_test_1073.jpg,smokefire,3,smoke,0.6171351
../dataset/Forect Fire/Forest Fire_Dataset/test/smokefire/smokefire_test_1074.jpg,data/processed/test/smokefire/smokefire_test_1074.jpg,smokefire,3,smoke,0.8338191
../dataset/Forect Fire/Forest Fire_Dataset/test/smokefire/smokefire_test_1075.jpg,data/processed/test/smokefire/smokefire_test_1075.jpg,smokefire,3,smoke,0.5196256
../dataset/Forect Fire/Forest Fire_Dataset/test/smokefire/smokefire_test_1076.jpg,data/processed/test/smokefire/smokefire_test_1076.jpg,smokefire,3,smoke,0.76684093
../dataset/Forect Fire/Forest Fire_Dataset/test/smokefire/smokefire_test_1077.jpg,data/processed/test/smokefire/smokefire_test_1077.jpg,smokefire,3,smokefire,0.46048293
../dataset/Forect Fire/Forest Fire_Dataset/test/smokefire/smokefire_test_1078.jpg,data/processed/test/smokefire/smokefire_test_1078.jpg,smokefire,3,nofire,0.64018697
../dataset/Forect Fire/Forest Fire_Dataset/test/smokefire/smokefire_test_1079.jpg,data/processed/test/smokefire/smokefire_test_1079.jpg,smokefire,3,nofire,0.36046576
../dataset/Forect Fire/Forest Fire_Dataset/test/smokefire/smokefire_test_1080.jpg,data/processed/test/smokefire/smokefire_test_1080.jpg,smokefire,3,smokefire,0.35137352
../dataset/Forect Fire/Forest Fire_Dataset/test/smokefire/smokefire_test_1081.jpg,data/processed/test/smokefire/smokefire_test_1081.jpg,smokefire,3,smoke,0.89300144
../dataset/Forect Fire/Forest Fire_Dataset/test/smokefire/smokefire_test_1082.jpg,data/processed/test/smokefire/smokefire_test_1082.jpg,smokefire,3,smoke,0.76168185
../dataset/Forect Fire/Forest Fire_Dataset/test/smokefire/smokefire_test_1083.jpg,data/processed/test/smokefire/smokefire_test_1083.jpg,smokefire,3,fire,0.5005339
../dataset/Forect Fire/Forest Fire_Dataset/test/smokefire/smokefire_test_1084.jpg,data/processed/test/smokefire/smokefire_test_1084.jpg,smokefire,3,smoke,0.50356853
../dataset/Forect Fire/Forest Fire_Dataset/test/smokefire/smokefire_test_1085.jpg,data/processed/test/smokefire/smokefire_test_1085.jpg,smokefire,3,smokefire,0.56007046
../dataset/Forect Fire/Forest Fire_Dataset/test/smokefire/smokefire_test_1086.jpg,data/processed/test/smokefire/smokefire_test_1086.jpg,smokefire,3,fire,0.5781418
../dataset/Forect Fire/Forest Fire_Dataset/test/smokefire/smokefire_test_1087.jpg,data/processed/test/smokefire/smokefire_test_1087.jpg,smokefire,3,nofire,0.42076498
../dataset/Forect Fire/Forest Fire_Dataset/test/smokefire/smokefire_test_1088.jpg,data/processed/test/smokefire/smokefire_test_1088.jpg,smokefire,3,smoke,0.5270593
../dataset/Forect Fire/Forest Fire_Dataset/test/smokefire/smokefire_test_1089.jpg,data/processed/test/smokefire/smokefire_test_1089.jpg,smokefire,3,nofire,0.754322
../dataset/Forect Fire/Forest Fire_Dataset/test/smokefire/smokefire_test_1090.jpg,data/processed/test/smokefire/smokefire_test_1090.jpg,smokefire,3,fire,0.54295266
../dataset/Forect Fire/Forest Fire_Dataset/test/smokefire/smokefire_test_1091.jpg,data/processed/test/smokefire/smokefire_test_1091.jpg,smokefire,3,smokefire,0.75105196
../dataset/Forect Fire/Forest Fire_Dataset/test/smokefire/smokefire_test_1092.jpg,data/processed/test/smokefire/smokefire_test_1092.jpg,smokefire,3,smoke,0.90078473
../dataset/Forect Fire/Forest Fire_Dataset/test/smokefire/smokefire_test_1093.jpg,data/processed/test/smokefire/smokefire_test_1093.jpg,smokefire,3,fire,0.70367515
../dataset/Forect Fire/Forest Fire_Dataset/test/smokefire/smokefire_test_1094.jpg,data/processed/test/smokefire/smokefire_test_1094.jpg,smokefire,3,smoke,0.6284567
../dataset/Forect Fire/Forest Fire_Dataset/test/smokefire/smokefire_test_1095.jpg,data/processed/test/smokefire/smokefire_test_1095.jpg,smokefire,3,smoke,0.42839018
../dataset/Forect Fire/Forest Fire_Dataset/test/smokefire/smokefire_test_1096.jpg,data/processed/test/smokefire/smokefire_test_1096.jpg,smokefire,3,smoke,0.77023363
../dataset/Forect Fire/Forest Fire_Dataset/test/smokefire/smokefire_test_1097.jpg,data/processed/test/smokefire/smokefire_test_1097.jpg,smokefire,3,smokefire,0.50459516
../dataset/Forect Fire/Forest Fire_Dataset/test/smokefire/smokefire_test_1098.jpg,data/processed/test/smokefire/smokefire_test_1098.jpg,smokefire,3,nofire,0.3956636
../dataset/Forect Fire/Forest Fire_Dataset/test/smokefire/smokefire_test_1099.jpg,data/processed/test/smokefire/smokefire_test_1099.jpg,smokefire,3,fire,0.5012099
../dataset/Forect Fire/Forest Fire_Dataset/test/smokefire/smokefire_test_1100.jpg,data/processed/test/smokefire/smokefire_test_1100.jpg,smokefire,3,smoke,0.37180158
../dataset/Forect Fire/Forest Fire_Dataset/test/smokefire/smokefire_test_1101.jpg,data/processed/test/smokefire/smokefire_test_1101.jpg,smokefire,3,nofire,0.8191433
../dataset/Forect Fire/Forest Fire_Dataset/test/smokefire/smokefire_test_1102.jpg,data/processed/test/smokefire/smokefire_test_1102.jpg,smokefire,3,fire,0.62435967
../dataset/Forect Fire/Forest Fire_Dataset/test/smokefire/smokefire_test_1103.jpg,data/processed/test/smokefire/smokefire_test_1103.jpg,smokefire,3,smokefire,0.4866814
../dataset/Forect Fire/Forest Fire_Dataset/test/smokefire/smokefire_test_1104.jpg,data/processed/test/smokefire/smokefire_test_1104.jpg,smokefire,3,smoke,0.7676485
../dataset/Forect Fire/Forest Fire_Dataset/test/smokefire/smokefire_test_1105.jpg,data/processed/test/smokefire/smokefire_test_1105.jpg,smokefire,3,smokefire,0.4081155
../dataset/Forect Fire/Forest Fire_Dataset/test/smokefire/smokefire_test_1106.jpg,data/processed/test/smokefire/smokefire_test_1106.jpg,smokefire,3,fire,0.37280515
../dataset/Forect Fire/Forest Fire_Dataset/test/smokefire/smokefire_test_1107.jpg,data/processed/test/smokefire/smokefire_test_1107.jpg,smokefire,3,smokefire,0.45195287
../dataset/Forect Fire/Forest Fire_Dataset/test/smokefire/smokefire_test_1108.jpg,data/processed/test/smokefire/smokefire_test_1108.jpg,smokefire,3,fire,0.6258563
../dataset/Forect Fire/Forest Fire_Dataset/test/smokefire/smokefire_test_1109.jpg,data/processed/test/smokefire/smokefire_test_1109.jpg,smokefire,3,smoke,0.90677255
../dataset/Forect Fire/Forest Fire_Dataset/test/smokefire/smokefire_test_1110.jpg,data/processed/test/smokefire/smokefire_test_1110.jpg,smokefire,3,smoke,0.79560244
../dataset/Forect Fire/Forest Fire_Dataset/test/smokefire/smokefire_test_1111.jpg,data/processed/test/smokefire/smokefire_test_1111.jpg,smokefire,3,nofire,0.8735827
../dataset/Forect Fire/Forest Fire_Dataset/test/smokefire/smokefire_test_1112.jpg,data/processed/test/smokefire/smokefire_test_1112.jpg,smokefire,3,smoke,0.62505436
../dataset/Forect Fire/Forest Fire_Dataset/test/smokefire/smokefire_test_1113.jpg,data/processed/test/smokefire/smokefire_test_1113.jpg,smokefire,3,smoke,0.73318493
../dataset/Forect Fire/Forest Fire_Dataset/test/smokefire/smokefire_test_1114.jpg,data/processed/test/smokefire/smokefire_test_1114.jpg,smokefire,3,nofire,0.36143085
../dataset/Forect Fire/Forest Fire_Dataset/test/smokefire/smokefire_test_1115.jpg,data/processed/test/smokefire/smokefire_test_1115.jpg,smokefire,3,smoke,0.5212544
../dataset/Forect Fire/Forest Fire_Dataset/test/smokefire/smokefire_test_1116.jpg,data/processed/test/smokefire/smokefire_test_1116.jpg,smokefire,3,nofire,0.41321987
../dataset/Forect Fire/Forest Fire_Dataset/test/smokefire/smokefire_test_1117.jpg,data/processed/test/smokefire/smokefire_test_1117.jpg,smokefire,3,smoke,0.6866365
../dataset/Forect Fire/Forest Fire_Dataset/test/smokefire/smokefire_test_1118.jpg,data/processed/test/smokefire/smokefire_test_1118.jpg,smokefire,3,smokefire,0.6889652
../dataset/Forect Fire/Forest Fire_Dataset/test/smokefire/smokefire_test_1119.jpg,data/processed/test/smokefire/smokefire_test_1119.jpg,smokefire,3,nofire,0.5981425
../dataset/Forect Fire/Forest Fire_Dataset/test/smokefire/smokefire_test_1120.jpg,data/processed/test/smokefire/smokefire_test_1120.jpg,smokefire,3,smokefire,0.64604336
../dataset/Forect Fire/Forest Fire_Dataset/test/smokefire/smokefire_test_1121.jpg,data/processed/test/smokefire/smokefire_test_1121.jpg,smokefire,3,fire,0.70444775
../dataset/Forect Fire/Forest Fire_Dataset/test/smokefire/smokefire_test_1122.jpg,data/processed/test/smokefire/smokefire_test_1122.jpg,smokefire,3,fire,0.5667996
../dataset/Forect Fire/Forest Fire_Dataset/test/smokefire/smokefire_test_1123.jpg,data/processed/test/smokefire/smokefire_test_1123.jpg,smokefire,3,smoke,0.45300868
../dataset/Forect Fire/Forest Fire_Dataset/test/smokefire/smokefire_test_1124.jpg,data/processed/test/smokefire/smokefire_test_1124.jpg,smokefire,3,smoke,0.80337
../dataset/Forect Fire/Forest Fire_Dataset/test/smokefire/smokefire_test_1125.jpg,data/processed/test/smokefire/smokefire_test_1125.jpg,smokefire,3,smokefire,0.6258059
../dataset/Forect Fire/Forest Fire_Dataset/test/smokefire/smokefire_test_1126.jpg,data/processed/test/smokefire/smokefire_test_1126.jpg,smokefire,3,nofire,0.5982252
../dataset/Forect Fire/Forest Fire_Dataset/test/smokefire/smokefire_test_1127.jpg,data/processed/test/smokefire/smokefire_test_1127.jpg,smokefire,3,smokefire,0.5204834
../dataset/Forect Fire/Forest Fire_Dataset/test/smokefire/smokefire_test_1128.jpg,data/processed/test/smokefire/smokefire_test_1128.jpg,smokefire,3,nofire,0.36335984
../dataset/Forect Fire/Forest Fire_Dataset/test/smokefire/smokefire_test_1129.jpg,data/processed/test/smokefire/smokefire_test_1129.jpg,smokefire,3,smoke,0.8711373
../dataset/Forect Fire/Forest Fire_Dataset/test/smokefire/smokefire_test_1130.jpg,data/processed/test/smokefire/smokefire_test_1130.jpg,smokefire,3,smokefire,0.39311573
../dataset/Forect Fire/Forest Fire_Dataset/test/smokefire/smokefire_test_1131.jpg,data/processed/test/smokefire/smokefire_test_1131.jpg,smokefire,3,smokefire,0.45431843
../dataset/Forect Fire/Forest Fire_Dataset/test/smokefire/smokefire_test_1132.jpg,data/processed/test/smokefire/smokefire_test_1132.jpg,smokefire,3,smokefire,0.6091255
../dataset/Forect Fire/Forest Fire_Dataset/test/smokefire/smokefire_test_1133.jpg,data/processed/test/smokefire/smokefire_test_1133.jpg,smokefire,3,smokefire,0.51525843
../dataset/Forect Fire/Forest Fire_Dataset/test/smokefire/smokefire_test_1134.jpg,data/processed/test/smokefire/smokefire_test_1134.jpg,smokefire,3,smoke,0.69183147
../dataset/Forect Fire/Forest Fire_Dataset/test/smokefire/smokefire_test_1135.jpg,data/processed/test/smokefire/smokefire_test_1135.jpg,smokefire,3,fire,0.689962
../dataset/Forect Fire/Forest Fire_Dataset/test/smokefire/smokefire_test_1136.jpg,data/processed/test/smokefire/smokefire_test_1136.jpg,smokefire,3,smoke,0.8554743
../dataset/Forect Fire/Forest Fire_Dataset/test/smokefire/smokefire_test_1137.jpg,data/processed/test/smokefire/smokefire_test_1137.jpg,smokefire,3,smoke,0.5307257
../dataset/Forect Fire/Forest Fire_Dataset/test/smokefire/smokefire_test_1138.jpg,data/processed/test/smokefire/smokefire_test_1138.jpg,smokefire,3,nofire,0.84671867
../dataset/Forect Fire/Forest Fire_Dataset/test/smokefire/smokefire_test_1139.jpg,data/processed/test/smokefire/smokefire_test_1139.jpg,smokefire,3,smoke,0.5101794
../dataset/Forect Fire/Forest Fire_Dataset/test/smokefire/smokefire_test_1140.jpg,data/processed/test/smokefire/smokefire_test_1140.jpg,smokefire,3,smokefire,0.709062
../dataset/Forect Fire/Forest Fire_Dataset/test/smokefire/smokefire_test_1141.jpg,data/processed/test/smokefire/smokefire_test_1141.jpg,smokefire,3,smoke,0.7962028
../dataset/Forect Fire/Forest Fire_Dataset/test/smokefire/smokefire_test_1142.jpg,data/processed/test/smokefire/smokefire_test_1142.jpg,smokefire,3,smoke,0.4148502
../dataset/Forect Fire/Forest Fire_Dataset/test/smokefire/smokefire_test_1143.jpg,data/processed/test/smokefire/smokefire_test_1143.jpg,smokefire,3,smoke,0.8599374
../dataset/Forect Fire/Forest Fire_Dataset/test/smokefire/smokefire_test_1144.jpg,data/processed/test/smokefire/smokefire_test_1144.jpg,smokefire,3,smoke,0.5089763
../dataset/Forect Fire/Forest Fire_Dataset/test/smokefire/smokefire_test_1145.jpg,data/processed/test/smokefire/smokefire_test_1145.jpg,smokefire,3,smoke,0.8346044
../dataset/Forect Fire/Forest Fire_Dataset/test/smokefire/smokefire_test_1146.jpg,data/processed/test/smokefire/smokefire_test_1146.jpg,smokefire,3,smoke,0.9155805
../dataset/Forect Fire/Forest Fire_Dataset/test/smokefire/smokefire_test_1147.jpg,data/processed/test/smokefire/smokefire_test_1147.jpg,smokefire,3,smoke,0.592109
../dataset/Forect Fire/Forest Fire_Dataset/test/smokefire/smokefire_test_1148.jpg,data/processed/test/smokefire/smokefire_test_1148.jpg,smokefire,3,fire,0.53808707
../dataset/Forect Fire/Forest Fire_Dataset/test/smokefire/smokefire_test_1149.jpg,data/processed/test/smokefire/smokefire_test_1149.jpg,smokefire,3,smokefire,0.7507456
../dataset/Forect Fire/Forest Fire_Dataset/test/smokefire/smokefire_test_1150.jpg,data/processed/test/smokefire/smokefire_test_1150.jpg,smokefire,3,smokefire,0.52993935
../dataset/Forect Fire/Forest Fire_Dataset/test/smokefire/smokefire_test_1151.jpg,data/processed/test/smokefire/smokefire_test_1151.jpg,smokefire,3,smokefire,0.56581867
../dataset/Forect Fire/Forest Fire_Dataset/test/smokefire/smokefire_test_1152.jpg,data/processed/test/smokefire/smokefire_test_1152.jpg,smokefire,3,smokefire,0.47395334
../dataset/Forect Fire/Forest Fire_Dataset/test/smokefire/smokefire_test_1153.jpg,data/processed/test/smokefire/smokefire_test_1153.jpg,smokefire,3,smoke,0.82380825
../dataset/Forect Fire/Forest Fire_Dataset/test/smokefire/smokefire_test_1154.jpg,data/processed/test/smokefire/smokefire_test_1154.jpg,smokefire,3,smokefire,0.5794779
../dataset/Forect Fire/Forest Fire_Dataset/test/smokefire/smokefire_test_1155.jpg,data/processed/test/smokefire/smokefire_test_1155.jpg,smokefire,3,nofire,0.67979854
../dataset/Forect Fire/Forest Fire_Dataset/test/smokefire/smokefire_test_1156.jpg,data/processed/test/smokefire/smokefire_test_1156.jpg,smokefire,3,smokefire,0.49416685
../dataset/Forect Fire/Forest Fire_Dataset/test/smokefire/smokefire_test_1157.jpg,data/processed/test/smokefire/smokefire_test_1157.jpg,smokefire,3,smokefire,0.57911944
../dataset/Forect Fire/Forest Fire_Dataset/test/smokefire/smokefire_test_1158.jpg,data/processed/test/smokefire/smokefire_test_1158.jpg,smokefire,3,smokefire,0.6680434
../dataset/Forect Fire/Forest Fire_Dataset/test/smokefire/smokefire_test_1159.jpg,data/processed/test/smokefire/smokefire_test_1159.jpg,smokefire,3,smoke,0.81438786
../dataset/Forect Fire/Forest Fire_Dataset/test/smokefire/smokefire_test_1160.jpg,data/processed/test/smokefire/smokefire_test_1160.jpg,smokefire,3,nofire,0.7723797
../dataset/Forect Fire/Forest Fire_Dataset/test/smokefire/smokefire_test_1161.jpg,data/processed/test/smokefire/smokefire_test_1161.jpg,smokefire,3,smoke,0.5930612
../dataset/Forect Fire/Forest Fire_Dataset/test/smokefire/smokefire_test_1162.jpg,data/processed/test/smokefire/smokefire_test_1162.jpg,smokefire,3,smoke,0.8800854
../dataset/Forect Fire/Forest Fire_Dataset/test/smokefire/smokefire_test_1163.jpg,data/processed/test/smokefire/smokefire_test_1163.jpg,smokefire,3,nofire,0.35210893
../dataset/Forect Fire/Forest Fire_Dataset/test/smokefire/smokefire_test_1164.jpg,data/processed/test/smokefire/smokefire_test_1164.jpg,smokefire,3,smokefire,0.79859596
../dataset/Forect Fire/Forest Fire_Dataset/test/smokefire/smokefire_test_1165.jpg,data/processed/test/smokefire/smokefire_test_1165.jpg,smokefire,3,smoke,0.5953634
../dataset/Forect Fire/Forest Fire_Dataset/test/smokefire/smokefire_test_1166.jpg,data/processed/test/smokefire/smokefire_test_1166.jpg,smokefire,3,fire,0.4183337
../dataset/Forect Fire/Forest Fire_Dataset/test/smokefire/smokefire_test_1167.jpg,data/processed/test/smokefire/smokefire_test_1167.jpg,smokefire,3,smoke,0.56754845
../dataset/Forect Fire/Forest Fire_Dataset/test/smokefire/smokefire_test_1168.jpg,data/processed/test/smokefire/smokefire_test_1168.jpg,smokefire,3,smokefire,0.5379608
../dataset/Forect Fire/Forest Fire_Dataset/test/smokefire/smokefire_test_1169.jpg,data/processed/test/smokefire/smokefire_test_1169.jpg,smokefire,3,smoke,0.7444147
../dataset/Forect Fire/Forest Fire_Dataset/test/smokefire/smokefire_test_1170.jpg,data/processed/test/smokefire/smokefire_test_1170.jpg,smokefire,3,smokefire,0.8367163
../dataset/Forect Fire/Forest Fire_Dataset/test/smokefire/smokefire_test_1171.jpg,data/processed/test/smokefire/smokefire_test_1171.jpg,smokefire,3,smoke,0.9519019
../dataset/Forect Fire/Forest Fire_Dataset/test/smokefire/smokefire_test_1172.jpg,data/processed/test/smokefire/smokefire_test_1172.jpg,smokefire,3,nofire,0.78579855
../dataset/Forect Fire/Forest Fire_Dataset/test/smokefire/smokefire_test_1173.jpg,data/processed/test/smokefire/smokefire_test_1173.jpg,smokefire,3,smoke,0.7798474
../dataset/Forect Fire/Forest Fire_Dataset/test/smokefire/smokefire_test_1174.jpg,data/processed/test/smokefire/smokefire_test_1174.jpg,smokefire,3,smokefire,0.54371786
../dataset/Forect Fire/Forest Fire_Dataset/test/smokefire/smokefire_test_1175.jpg,data/processed/test/smokefire/smokefire_test_1175.jpg,smokefire,3,smoke,0.81111693
../dataset/Forect Fire/Forest Fire_Dataset/test/smokefire/smokefire_test_1176.jpg,data/processed/test/smokefire/smokefire_test_1176.jpg,smokefire,3,smokefire,0.58634853
../dataset/Forect Fire/Forest Fire_Dataset/test/smokefire/smokefire_test_1177.jpg,data/processed/test/smokefire/smokefire_test_1177.jpg,smokefire,3,smoke,0.45206547
../dataset/Forect Fire/Forest Fire_Dataset/test/smokefire/smokefire_test_1178.jpg,data/processed/test/smokefire/smokefire_test_1178.jpg,smokefire,3,nofire,0.52475923
../dataset/Forect Fire/Forest Fire_Dataset/test/smokefire/smokefire_test_1179.jpg,data/processed/test/smokefire/smokefire_test_1179.jpg,smokefire,3,smoke,0.72907937
../dataset/Forect Fire/Forest Fire_Dataset/test/smokefire/smokefire_test_1180.jpg,data/processed/test/smokefire/smokefire_test_1180.jpg,smokefire,3,nofire,0.7193843
../dataset/Forect Fire/Forest Fire_Dataset/test/smokefire/smokefire_test_1181.jpg,data/processed/test/smokefire/smokefire_test_1181.jpg,smokefire,3,smoke,0.6059091
../dataset/Forect Fire/Forest Fire_Dataset/test/smokefire/smokefire_test_1182.jpg,data/processed/test/smokefire/smokefire_test_1182.jpg,smokefire,3,smoke,0.8936351
../dataset/Forect Fire/Forest Fire_Dataset/test/smokefire/smokefire_test_1183.jpg,data/processed/test/smokefire/smokefire_test_1183.jpg,smokefire,3,fire,0.5665477
../dataset/Forect Fire/Forest Fire_Dataset/test/smokefire/smokefire_test_1184.jpg,data/processed/test/smokefire/smokefire_test_1184.jpg,smokefire,3,fire,0.60199416
../dataset/Forect Fire/Forest Fire_Dataset/test/smokefire/smokefire_test_1185.jpg,data/processed/test/smokefire/smokefire_test_1185.jpg,smokefire,3,smoke,0.4300843
../dataset/Forect Fire/Forest Fire_Dataset/test/smokefire/smokefire_test_1186.jpg,data/processed/test/smokefire/smokefire_test_1186.jpg,smokefire,3,smoke,0.69374704
../dataset/Forect Fire/Forest Fire_Dataset/test/smokefire/smokefire_test_1187.jpg,data/processed/test/smokefire/smokefire_test_1187.jpg,smokefire,3,smokefire,0.70920783
../dataset/Forect Fire/Forest Fire_Dataset/test/smokefire/smokefire_test_1188.jpg,data/processed/test/smokefire/smokefire_test_1188.jpg,smokefire,3,smoke,0.79438555
../dataset/Forect Fire/Forest Fire_Dataset/test/smokefire/smokefire_test_1189.jpg,data/processed/test/smokefire/smokefire_test_1189.jpg,smokefire,3,smoke,0.7345298
../dataset/Forect Fire/Forest Fire_Dataset/test/smokefire/smokefire_test_1190.jpg,data/processed/test/smokefire/smokefire_test_1190.jpg,smokefire,3,nofire,0.5261991
../dataset/Forect Fire/Forest Fire_Dataset/test/smokefire/smokefire_test_1191.jpg,data/processed/test/smokefire/smokefire_test_1191.jpg,smokefire,3,nofire,0.38389796
../dataset/Forect Fire/Forest Fire_Dataset/test/smokefire/smokefire_test_1192.jpg,data/processed/test/smokefire/smokefire_test_1192.jpg,smokefire,3,smoke,0.7284579
../dataset/Forect Fire/Forest Fire_Dataset/test/smokefire/smokefire_test_1193.jpg,data/processed/test/smokefire/smokefire_test_1193.jpg,smokefire,3,nofire,0.55504805
../dataset/Forect Fire/Forest Fire_Dataset/test/smokefire/smokefire_test_1194.jpg,data/processed/test/smokefire/smokefire_test_1194.jpg,smokefire,3,smokefire,0.53177416
../dataset/Forect Fire/Forest Fire_Dataset/test/smokefire/smokefire_test_1195.jpg,data/processed/test/smokefire/smokefire_test_1195.jpg,smokefire,3,fire,0.5035831
../dataset/Forect Fire/Forest Fire_Dataset/test/smokefire/smokefire_test_1196.jpg,data/processed/test/smokefire/smokefire_test_1196.jpg,smokefire,3,nofire,0.76953775
../dataset/Forect Fire/Forest Fire_Dataset/test/smokefire/smokefire_test_1197.jpg,data/processed/test/smokefire/smokefire_test_1197.jpg,smokefire,3,smoke,0.72889405
../dataset/Forect Fire/Forest Fire_Dataset/test/smokefire/smokefire_test_1198.jpg,data/processed/test/smokefire/smokefire_test_1198.jpg,smokefire,3,smoke,0.8307616
../dataset/Forect Fire/Forest Fire_Dataset/test/smokefire/smokefire_test_1199.jpg,data/processed/test/smokefire/smokefire_test_1199.jpg,smokefire,3,nofire,0.81805384
../dataset/Forect Fire/Forest Fire_Dataset/test/smokefire/smokefire_test_1200.jpg,data/processed/test/smokefire/smokefire_test_1200.jpg,smokefire,3,smoke,0.4425883
